SALE TYPE,SOLD DATE,PROPERTY TYPE,ADDRESS,CITY,STATE OR PROVINCE,ZIP OR POSTAL CODE,PRICE,BEDS,BATHS,LOCATION,SQUARE FEET,LOT SIZE,YEAR BUILT,DAYS ON MARKET,$/SQUARE FEET,HOA/MONTH,STATUS,NEXT OPEN HOUSE START TIME,NEXT OPEN HOUSE END TIME,URL (SEE http://www.redfin.com/buy-a-home/comparative-market-analysis FOR INFO ON PRICING),SOURCE,MLS#,FAVORITE,INTERESTED,LATITUDE,LONGITUDE
MLS Listing,,Condo/Co-op,650 Columbia Rd #1,Boston,MA,2125,445000,3,1,Dorchester's Uphams Corner,1297,,1907,3,343,200,Active,,,http://www.redfin.com/MA/Boston/650-Columbia-Rd-02125/unit-1/home/145353442,MLS PIN,72616901,N,Y,42.318819,-71.0637193
MLS Listing,,Condo/Co-op,125 Hart St Unit 3B,Taunton,MA,2780,329900,3,1.5,Taunton,1600,,2018,4,206,248,Active,,,http://www.redfin.com/MA/Taunton/125-Hart-St-02780/unit-3B/home/146201533,MLS PIN,72616541,N,Y,41.8842803,-71.0687177
MLS Listing,,Single Family Residential,5 Federal St,Wilmington,MA,1887,599900,3,2.5,Wilmington,1964,17000,1960,4,305,,Active,,,http://www.redfin.com/MA/Wilmington/5-Federal-St-01887/home/11698379,MLS PIN,72616409,N,Y,42.5616425,-71.1581501
MLS Listing,,Single Family Residential,10 Greenhouse Way,Randolph,MA,2368,589000,4,3.5,Randolph,2969,18416,2002,4,198,,Active,,,http://www.redfin.com/MA/Randolph/10-Green-House-Way-02368/home/11741178,MLS PIN,72616330,N,Y,42.1698275,-71.0675354
MLS Listing,,Single Family Residential,22 Temple St,Reading,MA,1867,759900,3,2.5,Reading,2470,7378,1916,4,308,,Active,,,http://www.redfin.com/MA/Reading/22-Temple-St-01867/home/8681746,MLS PIN,72616298,N,Y,42.5220593,-71.1134023
MLS Listing,,Condo/Co-op,181 Warren Ave #4,Boston,MA,2116,679000,1,1,South End,613,613,1899,5,1108,276,Active,,,http://www.redfin.com/MA/Boston/181-Warren-Ave-02116/unit-4/home/9329467,MLS PIN,72616049,N,Y,42.3439271,-71.0766076
MLS Listing,,Condo/Co-op,699 Hyde Park Ave #3,Boston,MA,2131,349900,2,1,Roslindale,743,743,1920,5,471,250,Active,,,http://www.redfin.com/MA/Boston/699-Hyde-Park-Ave-02131/unit-3/home/11741152,MLS PIN,72616022,N,Y,42.2764739,-71.1200428
MLS Listing,,Condo/Co-op,20 Spring Garden St #1,Boston,MA,2125,574900,2,2,Dorchester's Savin Hill,1036,1036,1905,5,555,260,Active,,,http://www.redfin.com/MA/Boston/20-Spring-Garden-St-02125/unit-1/home/18995455,MLS PIN,72615976,N,Y,42.3180313,-71.0530663
MLS Listing,,Condo/Co-op,7 Church St #3,Somerville,MA,2143,599000,2,1,Somerville,927,,1900,5,646,195,Active,,,http://www.redfin.com/MA/Somerville/7-Church-St-02143/unit-3/home/66763988,MLS PIN,72615900,N,Y,42.3807417,-71.1007976
MLS Listing,,Single Family Residential,134 Orvis Rd,Revere,MA,2151,469900,4,1.5,Revere,1080,4750,1950,5,435,,Active,,,http://www.redfin.com/MA/Revere/134-Orvis-Rd-02151/home/11741823,MLS PIN,72615779,N,Y,42.4252695,-71.0137814
MLS Listing,,Townhouse,21 Hall St #1,Waltham,MA,2453,749900,3,2.5,Waltham,2208,,2015,5,340,200,Active,,,http://www.redfin.com/MA/Waltham/21-Hall-St-02453/unit-1/home/56798136,MLS PIN,72615738,N,Y,42.3703629,-71.2349982
MLS Listing,,Condo/Co-op,147 Hillside Rd #1,Watertown,MA,2472,524900,2,1.5,East Watertown,1258,5149,1920,5,417,113,Active,,,http://www.redfin.com/MA/Watertown/147-Hillside-Rd-02472/unit-1/home/11700258,MLS PIN,72615735,N,Y,42.375721,-71.1614498
MLS Listing,,Single Family Residential,40 Lois Ave,Providence,RI,2908,299900,3,1.5,Elmhurst,2030,7500,1935,6,148,,Active,,,http://www.redfin.com/RI/Providence/40-Lois-Ave-02908/home/51710441,RIS,1246038,N,Y,41.8427451,-71.4499342
MLS Listing,,Single Family Residential,276 Ridge St,Millis,MA,2054,584900,3,2,Millis,2688,75794,1979,11,218,,Active,,,http://www.redfin.com/MA/Millis/276-Ridge-St-02054/home/11484877,MLS PIN,72613640,N,Y,42.1922578,-71.3759893
MLS Listing,,Single Family Residential,2 Farmstead Way,Littleton,MA,1460,619900,3,2.5,Littleton,2752,44867,1996,12,225,,Active,,,http://www.redfin.com/MA/Littleton/2-Farmstead-Way-01460/home/8565791,MLS PIN,72613147,N,Y,42.5484346,-71.4672493
MLS Listing,,Single Family Residential,1 Cypress Ct,North Providence,RI,2911,285000,3,1,North Providence,1886,8468,1993,14,151,,Active,,,http://www.redfin.com/RI/North-Providence/1-Cypress-Ct-02911/home/52031879,RIS,1245725,N,Y,41.8635785,-71.4749943
MLS Listing,,Single Family Residential,37 Myrtle St,Millis,MA,2054,539000,3,1.5,Rockville,1469,101930,1970,18,367,,Active,,,http://www.redfin.com/MA/Millis/37-Myrtle-St-02054/home/11494441,MLS PIN,72611124,N,Y,42.1338144,-71.3618424
MLS Listing,,Single Family Residential,18 Coolidge St,Tewksbury,MA,1876,609900,3,2.5,Tewksbury,1608,4375,2019,26,379,,Active,,,http://www.redfin.com/MA/Tewksbury/18-Coolidge-St-01876/home/8727315,MLS PIN,72608238,N,Y,42.5755491,-71.2147098
MLS Listing,,Single Family Residential,262 Glen Rd,Weston,MA,2493,1365000,4,5,Weston,3897,20099,1915,46,350,,Active,,,http://www.redfin.com/MA/Weston/262-Glen-Rd-02493/home/8793138,MLS PIN,72602586,N,Y,42.325586,-71.286023
MLS Listing,,Condo/Co-op,999 Hancock St #308,Quincy,MA,2169,429900,1,1,Quincy Center,749,,2017,67,574,233,Active,,,http://www.redfin.com/MA/Quincy/999-Hancock-St-02169/unit-308/home/113432564,MLS PIN,72598214,N,Y,42.2575886,-71.0086945
MLS Listing,,Single Family Residential,260 Ridge St,Millis,MA,2054,649000,4,3.5,Millis,3766,109771,1958,69,172,,Active,,,http://www.redfin.com/MA/Millis/260-Ridge-St-02054/home/11485647,MLS PIN,72597641,N,Y,42.1903815,-71.3731363
MLS Listing,,Single Family Residential,3 Kevin Cir,Framingham,MA,1701,650000,5,2.5,Framingham,2888,62988,1970,81,225,,Active,,,http://www.redfin.com/MA/Framingham/3-Kevin-Cir-01701/home/11637797,MLS PIN,72594938,N,Y,42.3397112,-71.4556546
MLS Listing,,Single Family Residential,8 Linden Rd,Sandwich,MA,2357,650000,4,3,East Sandwich,2632,39204,1969,96,247,57,Active,February-16-2020 10:00 AM,February-16-2020 11:30 AM,http://www.redfin.com/MA/STONEHILL-COL/8-Linden-RD-02357/home/169681636,MLS PIN,72589305,N,Y,42.0634409,-71.0824613
MLS Listing,,Single Family Residential,255 N Washington St,North Attleboro,MA,2760,489999,4,3.5,North Attleboro,3154,11565,1900,104,155,,Active,,,http://www.redfin.com/MA/North-Attleborough/255-N-Washington-St-02760/home/16058470,MLS PIN,72585766,N,Y,41.9895396,-71.3305942
MLS Listing,,Townhouse,22 Beacon St #22,Shrewsbury,MA,1545,570000,4,2.5,Shrewsbury,2395,,2017,124,238,,Active,,,http://www.redfin.com/MA/Shrewsbury/22-Beacon-St-01545/unit-22/home/169374681,MLS PIN,72577689,N,Y,42.2814168,-71.7321527
MLS Listing,,Single Family Residential,7 Cedar Brook Rd,Wellesley,MA,2482,999000,4,2.5,Wellesley,2588,10001,1997,208,386,,Active,,,http://www.redfin.com/MA/Wellesley/7-Cedar-Brook-Rd-02482/home/9000190,MLS PIN,72535602,N,Y,42.3066464,-71.3253979
MLS Listing,,Single Family Residential,20 Brookfield St,South Windsor,CT,6074,564000,6,4.5,South Windsor,5434,217800,1995,273,104,,Active,,,http://www.redfin.com/CT/South-Windsor/20-Brookfield-St-06074/home/166566839,Smart MLS,170192264,N,Y,41.8522549,-72.5715101
MLS Listing,,Single Family Residential,159 Linwood St,Lynn,MA,1905,429900,4,2,Lynn,1428,15007,1955,1,301,,Active,,,http://www.redfin.com/MA/Lynn/159-Linwood-St-01905/home/11545415,MLS PIN,72617839,N,Y,42.4745002,-70.9691455
MLS Listing,,Condo/Co-op,949 Pleasant Valley Rd Unit 1-8,South Windsor,CT,6074,124900,2,1.5,Pleasant Valley,1020,,1972,1,122,305,Active,,,http://www.redfin.com/CT/South-Windsor/949-Pleasant-Valley-Rd-06074/unit-1-8/home/54132440,Smart MLS,170261401,N,Y,41.8096745,-72.5813536
MLS Listing,,Single Family Residential,219 Oak St,Raynham,MA,2767,489900,4,2.5,Raynham,2544,71438,2005,1,193,,Active,,,http://www.redfin.com/MA/Raynham/219-Oak-St-02767/home/16072277,MLS PIN,72617836,N,Y,41.9525058,-71.0672979
MLS Listing,,Single Family Residential,75 Tanbark Rd,Sudbury,MA,1776,1199000,4,4,Sudbury,6561,42613,1995,1,183,,Active,,,http://www.redfin.com/MA/Sudbury/75-Tanbark-Rd-01776/home/11678021,MLS PIN,72617833,N,Y,42.3788303,-71.4514109
MLS Listing,,Multi-Family (2-4 Unit),1092-1094 Main St,Waltham,MA,2453,869000,7,2.5,Cedarwood,2500,10890,1900,1,348,,Active,,,http://www.redfin.com/MA/Waltham/1092-Main-St-02451/home/11811443,MLS PIN,72617831,N,Y,42.3762371,-71.2561819
MLS Listing,,Single Family Residential,7 Birchwood Rd,Enfield,CT,6082,299900,4,1,Enfield,1992,17424,1966,1,151,,Active,,,http://www.redfin.com/CT/Enfield/7-Birchwood-Rd-06082/home/53805823,Smart MLS,170269619,N,Y,42.0142211,-72.5570605
MLS Listing,,Townhouse,114 Commonwealth Ave #3,Boston,MA,2116,1995000,2,2,Back Bay,1538,,1880,1,1297,420,Active,February-16-2020 12:00 PM,February-16-2020 01:30 PM,http://www.redfin.com/MA/Boston/114-Commonwealth-Ave-02116/unit-3/home/9264768,MLS PIN,72617824,N,Y,42.3518492,-71.0765273
MLS Listing,,Single Family Residential,25 Skyview Ln,Sudbury,MA,1776,1650000,5,5,Sudbury,6414,58731,2001,1,257,,Active,,,http://www.redfin.com/MA/Sudbury/25-Skyview-Ln-01776/home/11669740,MLS PIN,72617823,N,Y,42.4228056,-71.4043786
MLS Listing,,Townhouse,51 Steeple Vw #51,Sturbridge,MA,1566,294900,2,2.5,Sturbridge,2816,1682722,1996,1,105,466,Active,,,http://www.redfin.com/MA/Sturbridge/51-Steeple-Vw-01566/unit-51/home/168699405,MLS PIN,72617821,N,Y,42.108036,-72.0854893
MLS Listing,,Single Family Residential,60 Boyce Ave,Pawtucket,RI,2861,245000,3,1,Darlington,1341,5640,1950,1,183,,Active,,,http://www.redfin.com/RI/Pawtucket/60-Boyce-Ave-02861/home/52017063,MLS PIN,72617816,N,Y,41.8770913,-71.3626056
MLS Listing,,Single Family Residential,151 Birch Rd,Mansfield,CT,6268,319900,3,3.5,Storrs,1790,48351,1997,1,179,,Active,,,http://www.redfin.com/CT/Storrs/151-Birch-Rd-06268/home/53786585,Smart MLS,170269442,N,Y,41.8140986,-72.2845595
MLS Listing,,Single Family Residential,6 Melina Rd,Newton,MA,2459,1888888,4,4.5,Newton,4083,15174,1967,1,463,,Active,,,http://www.redfin.com/MA/Newton/6-Melina-Rd-02459/home/11477866,MLS PIN,72617813,N,Y,42.3112368,-71.196488
MLS Listing,,Single Family Residential,12 Dassance Dr,Foxboro,MA,2035,639900,4,2.5,Foxboro,2300,42614,1983,1,278,,Active,February-16-2020 12:00 PM,February-16-2020 02:00 PM,http://www.redfin.com/MA/Foxborough/12-Dassance-Dr-02035/home/11714757,MLS PIN,72617806,N,Y,42.0539109,-71.1962327
MLS Listing,,Multi-Family (2-4 Unit),17 Forrest St,Winthrop,MA,2152,599000,4,2,Winthrop,2083,3194,1900,1,288,,Active,February-15-2020 11:00 AM,February-15-2020 01:00 PM,http://www.redfin.com/MA/Winthrop/17-Forrest-St-02152/home/11515668,MLS PIN,72617797,N,Y,42.375435,-70.9725355
MLS Listing,,Single Family Residential,88 Pettey's Ave Ave,Providence,RI,2909,139000,2,1,Silver Lake Area,1920,960,1940,1,72,,Active,,,http://www.redfin.com/RI/Providence/88-Petteys-Ave-02909/home/51706508,RIS,1246950,N,Y,41.8151026,-71.4608955
MLS Listing,,Condo/Co-op,31 Church Grn #102,Taunton,MA,2780,179900,1,1,Taunton,782,,1985,1,230,333,Active,,,http://www.redfin.com/MA/Taunton/31-Church-Grn-02780/unit-102/home/16101175,MLS PIN,72617795,N,Y,41.9026329,-71.0871879
MLS Listing,,Single Family Residential,37 Walnut St,Millis,MA,2054,428000,3,2,Millis,1688,18295,1960,1,254,,Active,February-16-2020 12:00 PM,February-16-2020 02:00 PM,http://www.redfin.com/MA/Millis/37-Walnut-St-02054/home/11485274,MLS PIN,72617794,N,Y,42.1880909,-71.3803731
MLS Listing,,Single Family Residential,lot 2 Granite Ave,Raynham,MA,2767,710000,3,2.5,Raynham,2500,58625,2020,1,284,,Active,,,http://www.redfin.com/MA/Raynham/Lot-2-Granite-AVE-02767/home/169121666,MLS PIN,72617788,N,Y,41.9427194,-71.0616623
MLS Listing,,Single Family Residential,58 Welch Rd,Brookline,MA,2445,3799000,9,6,Brookline,8790,33145,1903,1,432,,Active,,,http://www.redfin.com/MA/Brookline/58-Welch-Rd-02445/home/11491785,MLS PIN,72617786,N,Y,42.3264265,-71.1313438
MLS Listing,,Single Family Residential,167 S Franklin St,Holbrook,MA,2343,229900,3,1,Holbrook,1528,5400,,1,150,,Active,,,http://www.redfin.com/MA/Holbrook/167-S-Franklin-St-02343/home/11469031,MLS PIN,72617785,N,Y,42.1501518,-71.0082732
MLS Listing,,Single Family Residential,335 Chestnut St,Wilmington,MA,1887,869900,4,2.5,Wilmington,3000,93977,2019,1,290,,Active,,,http://www.redfin.com/MA/Wilmington/335-Chestnut-St-01887/home/167722166,MLS PIN,72617781,N,Y,42.5232974,-71.1712044
MLS Listing,,Vacant Land,0 Victory Hwy,Burrillville,RI,2830,239000,,,Nasonville,,126759,,1,,,Active,,,http://www.redfin.com/RI/Burrillville/Victory-Hwy-02830/home/51738517,RIS,1246782,N,Y,41.947615,-71.65153
MLS Listing,,Single Family Residential,15 Fenton Dr,Worcester,MA,1602,264900,3,1.5,Worcester,1536,4638,2004,1,172,,Active,February-16-2020 12:00 PM,February-16-2020 02:00 PM,http://www.redfin.com/MA/Worcester/15-Fenton-Dr-01602/home/16680792,MLS PIN,72617778,N,Y,42.2803866,-71.8457678
MLS Listing,,Condo/Co-op,35 Granite St #2,Cambridge,MA,2139,505000,1,1,Cambridgeport,497,,1886,1,1016,125,Active,February-13-2020 11:30 AM,February-13-2020 01:30 PM,http://www.redfin.com/MA/Cambridge/35-Granite-St-02139/unit-2/home/11596299,MLS PIN,72617776,N,Y,42.3563857,-71.112282
MLS Listing,,Single Family Residential,99 Leedham St,Attleboro,MA,2703,349000,3,2,Attleboro,1144,12092,1998,1,305,,Active,February-13-2020 06:00 PM,February-13-2020 07:00 PM,http://www.redfin.com/MA/Attleboro/99-Leedham-St-02703/home/15976825,MLS PIN,72617777,N,Y,41.9040213,-71.3792597
MLS Listing,,Single Family Residential,49 Cortland Dr,Tolland,CT,6084,474900,4,3.5,Tolland,3448,87120,1999,1,138,,Active,February-16-2020 01:00 AM,February-16-2020 03:00 PM,http://www.redfin.com/CT/Tolland/49-Cortland-Dr-06084/home/54108607,Smart MLS,170270829,N,Y,41.9009638,-72.3839474
MLS Listing,,Condo/Co-op,20 Forest View Ln,Burrillville,RI,2814,169900,2,1.5,Harrisville,1400,,1987,1,121,210,Active,,,http://www.redfin.com/RI/Burrillville/20-Forest-View-Ln-02830/home/51739843,RIS,1246968,N,Y,41.960837,-71.679863
MLS Listing,,Condo/Co-op,135 Seaport Blvd #1018,Boston,MA,2210,819700,0,1,Seaport District,520,,2020,1,1576,532,Active,,,http://www.redfin.com/MA/Boston/135-Seaport-Blvd-02210/unit-1018/home/170550766,MLS PIN,72617770,N,Y,42.3509604,-71.0439013
MLS Listing,,Condo/Co-op,300 Front St #305,Pawtucket,RI,2860,169000,1,1,Pawtucket,695,,1900,1,243,211,Active,,,http://www.redfin.com/RI/Pawtucket/300-Front-St-02860/unit-305/home/52010786,RIS,1246952,N,Y,41.8857187,-71.3801935
MLS Listing,,Single Family Residential,12 Fox Run,Brookfield,MA,1506,119000,3,2,Brookfield Meadows,1250,21780,1992,1,95,430,Active,,,http://www.redfin.com/MA/Brookfield/12-Fox-Run-01506/home/170550750,MLS PIN,72617768,N,Y,42.1887353,-72.1348878
MLS Listing,,Condo/Co-op,133 Seaport Blvd #720,Boston,MA,2210,1938600,2,2.5,Seaport District,1255,,2019,1,1545,1348,Active,,,http://www.redfin.com/MA/Boston/133-Seaport-Blvd-02210/unit-720/home/170550714,MLS PIN,72617765,N,Y,42.3504935,-71.0434498
MLS Listing,,Condo/Co-op,133 Seaport Blvd #1815,Boston,MA,2210,1200000,1,1,Seaport District,800,,2019,1,1500,816,Active,,,http://www.redfin.com/MA/Boston/133-Seaport-Blvd-02210/unit-1815/home/170550685,MLS PIN,72617764,N,Y,42.3504935,-71.0434498
MLS Listing,,Condo/Co-op,176-178 HYDE PARK Ave #2,Boston,MA,2130,418900,2,1,Jamaica Plain's Forest Hills,900,871,1899,1,465,330,Active,,,http://www.redfin.com/MA/Boston/176-Hyde-Park-Ave-02130/unit-2/home/12447802,MLS PIN,72617759,N,Y,42.2949174,-71.116484
MLS Listing,,Multi-Family (2-4 Unit),5 Veto St,Providence,RI,2908,200000,4,3,Providence,2319,3050,1930,1,86,,Active,,,http://www.redfin.com/RI/Providence/5-Veto-St-02908/home/51709155,RIS,1246915,N,Y,41.8447681,-71.4289934
MLS Listing,,Single Family Residential,235 Pleasant St,Paxton,MA,1612,314000,4,1.5,Paxton,2047,165415,1929,1,153,,Active,,,http://www.redfin.com/MA/Paxton/235-Pleasant-St-01612/home/16581280,MLS PIN,72617746,N,Y,42.289969,-71.8992153
MLS Listing,,Single Family Residential,1 & 11 Kenilworth Rd,Wellesley,MA,2482,11000000,7,8.5,Wellesley,10099,67082,2020,1,1089,,Active,,,http://www.redfin.com/MA/Wellesley/11-Kenilworth-Rd-02482/home/8981422,MLS PIN,72617745,N,Y,42.283963,-71.287011
MLS Listing,,Single Family Residential,1 Minuteman Ln,Oxford,MA,1540,265000,3,2.5,Oxford,2688,57499,2003,1,99,,Active,,,http://www.redfin.com/MA/Oxford/1-Minuteman-Ln-01540/home/16576208,MLS PIN,72617742,N,Y,42.1185382,-71.8690612
MLS Listing,,Condo/Co-op,30 Abbey Rd #103,Leominster,MA,1453,111111,2,1.5,Leominster,948,,1988,1,117,175,Active,,,http://www.redfin.com/MA/Leominster/30-Abbey-Rd-01453/unit-103/home/16544614,MLS PIN,72617731,N,Y,42.5063991,-71.7476884
MLS Listing,,Single Family Residential,271 W Princeton Rd Lot 2,Westminster,MA,1473,525000,3,2,Westminster,1800,278304,2020,1,292,,Active,,,http://www.redfin.com/MA/Westminster/271-W-Princeton-Rd-01473/unit-2/home/170550157,MLS PIN,72617728,N,Y,42.4985956,-71.909064
MLS Listing,,Single Family Residential,28 Foster St,Pawtucket,RI,2860,205000,3,2,Darlington,2520,8000,1900,1,81,,Active,,,http://www.redfin.com/RI/Pawtucket/28-Foster-St-02861/home/52014561,RIS,1246955,N,Y,41.8938065,-71.363264
MLS Listing,,Single Family Residential,14 Case Ln,Providence,RI,2909,217500,3,1,Trigg/Fruit Hill,1792,4000,2007,1,121,,Active,,,http://www.redfin.com/RI/Providence/14-Case-Ln-02909/home/51698543,RIS,1246885,N,Y,41.8346904,-71.4637709
MLS Listing,,Multi-Family (2-4 Unit),28 Orne St,North Attleboro,MA,2760,409900,5,4.5,North Attleboro,2481,5653,1920,1,165,,Active,February-15-2020 10:00 AM,February-15-2020 12:00 PM,http://www.redfin.com/MA/North-Attleborough/28-Orne-St-02760/home/16058643,MLS PIN,72617707,N,Y,41.9832575,-71.3310582
MLS Listing,,Condo/Co-op,175 Tyson Commons Ln #175,Braintree,MA,2184,349900,2,2,Braintree,965,,1989,1,363,382,Active,February-16-2020 12:00 PM,February-16-2020 03:00 PM,http://www.redfin.com/MA/Braintree/175-Tyson-Commons-Ln-02184/unit-175/home/113234178,MLS PIN,72617709,N,Y,42.1737699,-70.982113
MLS Listing,,Single Family Residential,44 Homecrest Ave,North Smithfield,RI,2896,340000,3,1,North Smithfield,1216,40001,1945,1,280,,Active,,,http://www.redfin.com/RI/North-Smithfield/44-Homecrest-Ave-02896/home/51878640,RIS,1246876,N,Y,42.0071795,-71.5883905
MLS Listing,,Multi-Family (2-4 Unit),37 Putnam St,Providence,RI,2909,244999,7,3,Providence,3000,3920,1900,1,82,,Active,,,http://www.redfin.com/RI/Providence/37-Putnam-St-02909/home/51695099,RIS,1246949,N,Y,41.8214238,-71.4438206
MLS Listing,,Townhouse,10 Locust Ln Unit E,Watertown,MA,2472,619900,3,2.5,Watertown,1724,,1989,1,360,382,Active,,,http://www.redfin.com/MA/Watertown/10-Locust-Ln-02472/unit-E/home/170548803,MLS PIN,72617686,N,Y,42.374427,-71.194827
MLS Listing,,Townhouse,81 Bishops Forest Dr #81,Waltham,MA,2452,589900,2,3.5,Waltham,2251,,1988,1,262,560,Active,February-15-2020 12:00 PM,February-15-2020 01:30 PM,http://www.redfin.com/MA/Waltham/81-Bishops-Forest-Dr-02452/unit-81/home/169131608,MLS PIN,72617683,N,Y,42.3992139,-71.2304272
MLS Listing,,Multi-Family (2-4 Unit),24 E Hill St St,Burrillville,RI,2830,250000,6,2.5,Burrillville,4790,15246,1940,1,52,,Active,,,http://www.redfin.com/RI/Burrillville/24-E-Hill-St-02830/home/51737625,RIS,1246755,N,Y,41.9864845,-71.623935
MLS Listing,,Condo/Co-op,229 Vernon St #3,Worcester,MA,1607,104900,2,1,Worcester,728,,1986,1,144,300,Active,,,http://www.redfin.com/MA/Worcester/229-Vernon-St-01607/unit-3/home/16676792,MLS PIN,72617682,N,Y,42.2392106,-71.7961501
MLS Listing,,Single Family Residential,118 School St,Taunton,MA,2780,275000,4,1.5,Taunton,1625,7405,1900,1,169,,Active,February-15-2020 11:00 AM,February-15-2020 12:00 PM,http://www.redfin.com/MA/Taunton/118-School-St-02780/home/16102644,MLS PIN,72617681,N,Y,41.9080412,-71.0901445
MLS Listing,,Single Family Residential,39 Kiley St,North Providence,RI,2911,215000,3,1,North Providence,1104,22000,1900,1,195,,Active,,,http://www.redfin.com/RI/North-Providence/39-Kiley-St-02911/home/52035443,RIS,1246943,N,Y,41.8433014,-71.4751334
MLS Listing,,Single Family Residential,60 Willow Ave,Winthrop,MA,2152,470000,3,1,Winthrop,1307,5100,1952,1,360,,Active,February-16-2020 12:00 PM,February-16-2020 01:30 PM,http://www.redfin.com/MA/Winthrop/60-Willow-Ave-02152/home/11515546,MLS PIN,72617678,N,Y,42.3745915,-70.9783169
MLS Listing,,Townhouse,168 Ayer Rd Unit G3,Shirley,MA,1464,149900,2,1.5,Shirley,1256,,1985,1,119,273,Active,,,http://www.redfin.com/MA/Shirley/168-Ayer-Rd-01464/unit-G3/home/8685351,MLS PIN,72617676,N,Y,42.5493221,-71.6341287
MLS Listing,,Single Family Residential,100 Longmeadow Ave,Worcester,MA,1606,229900,3,2,Worcester,1543,9404,1930,1,149,,Active,February-16-2020 01:00 PM,February-16-2020 02:30 PM,http://www.redfin.com/MA/Worcester/100-Longmeadow-Ave-01606/home/16657112,MLS PIN,72617675,N,Y,42.303244,-71.7846167
MLS Listing,,Mobile/Manufactured Home,305 Turnpike St #217,Easton,MA,2375,73900,2,1,Easton,980,,1987,1,75,468,Active,February-15-2020 11:00 AM,February-15-2020 01:00 PM,http://www.redfin.com/MA/South-Easton/305-Turnpike-St-02375/unit-217/home/170547661,MLS PIN,72617671,N,Y,42.022889,-71.069625
MLS Listing,,Multi-Family (2-4 Unit),38 Miles Ave,East Providence,RI,2914,160000,4,2,Central,2962,10770,1915,1,54,,Active,,,http://www.redfin.com/RI/East-Providence/38-Miles-Ave-02914/home/51951758,RIS,1246306,N,Y,41.8283419,-71.3613879
MLS Listing,,Single Family Residential,14 Rogers Cir,Devens,MA,1434,573450,3,2.5,Emerson Green,1930,7128,2021,1,297,95,Active,,,http://www.redfin.com/MA/Ayer/14-Rogers-CIR-01434/home/170547581,MLS PIN,72617669,N,Y,42.5360141,-71.6139348
MLS Listing,,Condo/Co-op,55 Commercial Wharf #6,Boston,MA,2110,1639000,2,2,Waterfront,1304,1304,1832,1,1257,874,Active,,,http://www.redfin.com/MA/Boston/55-Commercial-Wharf-02110/unit-6/home/9259492,MLS PIN,72617666,N,Y,42.3616464,-71.0503209
MLS Listing,,Single Family Residential,269 Clifton,Attleboro,MA,2703,345000,3,2,Attleboro,1558,18225,1945,1,221,,Active,February-15-2020 12:00 PM,February-15-2020 02:00 PM,http://www.redfin.com/MA/Attleboro/269-Clifton-St-02703/home/15969329,MLS PIN,72617664,N,Y,41.9556929,-71.3091126
MLS Listing,,Condo/Co-op,141 Dorchester Ave #910,Boston,MA,2127,1295000,2,2.5,South Boston,1886,1886,2007,1,687,1816,Active,,,http://www.redfin.com/MA/Boston/141-Dorchester-Ave-02127/unit-910/home/21717655,MLS PIN,72617663,N,Y,42.3419516,-71.0574969
MLS Listing,,Single Family Residential,6 Birchwood Dr,Johnston,RI,2919,285000,3,1,Cherry Hill,1592,12960,1972,1,179,,Active,,,http://www.redfin.com/RI/Johnston/6-Birchwood-Dr-02919/home/51894563,RIS,1246935,N,Y,41.8275017,-71.48945
MLS Listing,,Single Family Residential,11 Key West Blvd,Rehoboth,MA,2769,769000,4,2.5,Cedar Hill Estates,3814,132422,2015,1,202,,Active,,,http://www.redfin.com/MA/Rehoboth/11-W-Blvd-02769/home/85674811,RIS,1246649,N,Y,41.8172521,-71.2143097
MLS Listing,,Vacant Land,86 McCracken Rd,Millbury,MA,1527,260000,,,Millbury,,392040,,1,,,Active,,,http://www.redfin.com/MA/Millbury/86-McCracken-Rd-01527/home/113389890,MLS PIN,72617640,N,Y,42.201028,-71.79921
MLS Listing,,Single Family Residential,122 Farm St,Dover,MA,2030,2995000,4,6,Historic Farm St.,7895,227862,2014,1,379,,Active,,,http://www.redfin.com/MA/Dover/122-Farm-St-02030/home/45406836,MLS PIN,72617636,N,Y,42.2273283,-71.3252356
MLS Listing,,Single Family Residential,108 Robincrest Ct,Seekonk,MA,2771,559000,3,2,Seekonk,2000,83635,2002,1,280,,Active,,,http://www.redfin.com/MA/Seekonk/108-Robincrest-Ct-02771/home/16078213,MLS PIN,72617635,N,Y,41.8768777,-71.3106437
MLS Listing,,Vacant Land,27 South St,Manchester,CT,6042,29900,,,Manchester,,6534,,1,,,Active,,,http://www.redfin.com/CT/Manchester/27-South-St-06042/home/109582717,Smart MLS,170270885,N,Y,41.8056353,-72.5175383
MLS Listing,,Condo/Co-op,253 Parkerville Rd #11,Southborough,MA,1772,679900,2,2.5,Southborough,2190,,2019,1,310,345,Active,,,http://www.redfin.com/MA/Southborough/253-Parkerville-Rd-01772/unit-11/home/170545877,MLS PIN,72617622,N,Y,42.266989,-71.536962
MLS Listing,,Single Family Residential,1 South St,Upton,MA,1568,506900,4,3,Upton,3018,81222,1988,1,168,,Active,February-15-2020 12:00 PM,February-15-2020 02:00 PM,http://www.redfin.com/MA/Upton/1-South-St-01568/home/16621710,MLS PIN,72617624,N,Y,42.1580578,-71.6034345
MLS Listing,,Single Family Residential,41 Mcandrew Rd,Braintree,MA,2184,529900,3,2,Braintree,1812,15002,1976,1,292,,Active,,,http://www.redfin.com/MA/Braintree/41-McAndrew-Rd-02184/home/8828863,MLS PIN,72617623,N,Y,42.1816727,-70.9867915
MLS Listing,,Vacant Land,21 South St,Manchester,CT,6042,29900,,,Manchester,,6534,,1,,,Active,,,http://www.redfin.com/CT/Manchester/21-South-St-06042/home/109582690,Smart MLS,170270879,N,Y,41.8056185,-72.5176646
MLS Listing,,Condo/Co-op,253 Parkerville Rd #1,Southborough,MA,1772,649900,2,2.5,Southborough,2190,,2020,1,297,345,Active,,,http://www.redfin.com/MA/Southborough/253-Parkerville-Rd-01772/unit-1/home/170545808,MLS PIN,72617621,N,Y,42.266989,-71.536962
MLS Listing,,Single Family Residential,28 Longfellow Rd,Wellesley,MA,2481,1375000,5,5.5,Wellesley,3926,20491,1898,1,350,,Active,,,http://www.redfin.com/MA/Wellesley/28-Longfellow-Rd-02481/home/8968624,MLS PIN,72617616,N,Y,42.3176792,-71.2627466
MLS Listing,,Multi-Family (2-4 Unit),26-28 Hano St,Boston,MA,2134,895000,5,2,Allston,2102,1523,1890,1,426,,Active,February-15-2020 12:30 PM,February-15-2020 02:30 PM,http://www.redfin.com/MA/Boston/26-28-Hano-St-02134/home/11833135,MLS PIN,72617613,N,Y,42.355972,-71.136914
MLS Listing,,Single Family Residential,193 Randolph St,Weymouth,MA,2190,375000,3,1,South Weymouth,1199,13939,1923,1,313,,Active,,,http://www.redfin.com/MA/Weymouth/193-Randolph-St-02190/home/11527084,MLS PIN,72617610,N,Y,42.1699416,-70.9678917
MLS Listing,,Single Family Residential,29 Elizabeth Ln,Peabody,MA,1960,485000,3,1,West Peabody,1352,15002,1960,1,359,,Active,,,http://www.redfin.com/MA/Peabody/29-Elizabeth-Ln-01960/home/11346690,MLS PIN,72617602,N,Y,42.5627478,-71.0322031
MLS Listing,,Single Family Residential,543 Lexington St,Waltham,MA,2452,699900,3,1.5,Piety Corner,2142,6011,1935,1,327,,Active,,,http://www.redfin.com/MA/Waltham/543-Lexington-St-02452/home/11804593,MLS PIN,72617601,N,Y,42.3942954,-71.2367364
MLS Listing,,Single Family Residential,181 Shining Rock Dr,Northbridge,MA,1534,849900,5,3.5,Shining Rock Golf Community,5300,29228,2005,1,160,,Active,,,http://www.redfin.com/MA/Northbridge/181-Shining-Rock-Dr-01534/home/16572307,MLS PIN,72617600,N,Y,42.1535937,-71.642722
MLS Listing,,Vacant Land,188 Mendon Rd Lot 1,Sutton,MA,1590,155000,,,Sutton,,87120,,1,,,Active,,,http://www.redfin.com/MA/Sutton/188-Mendon-Rd-01590/unit-1/home/167822042,MLS PIN,72617596,N,Y,42.125388,-71.762966
MLS Listing,,Townhouse,91 Clarendon Ave #2,Somerville,MA,2144,1325000,3,2.5,Davis Square,2026,,2019,1,654,,Active,,,http://www.redfin.com/MA/Somerville/91-Clarendon-Ave-02144/unit-2/home/170545147,MLS PIN,72617592,N,Y,42.4011562,-71.13081
MLS Listing,,Single Family Residential,738 N Cary St,Brockton,MA,2302,429900,5,2.5,Brockton,2046,31887,1925,1,210,,Active,,,http://www.redfin.com/MA/Brockton/738-N-Cary-St-02302/home/16329245,MLS PIN,72617584,N,Y,42.1083361,-70.9990611
MLS Listing,,Single Family Residential,180 Hayden Rowe St,Hopkinton,MA,1748,799900,4,4,Hayden Row,3200,40119,1800,1,250,,Active,February-16-2020 12:00 PM,February-16-2020 02:00 PM,http://www.redfin.com/MA/Hopkinton/180-Hayden-Rowe-St-01748/home/11381127,MLS PIN,72617583,N,Y,42.206386,-71.5117592
MLS Listing,,Single Family Residential,46 Walnut Ter,Avon,MA,2322,369000,3,1,Avon,1408,11000,1955,1,262,,Active,February-15-2020 11:30 AM,February-15-2020 01:30 PM,http://www.redfin.com/MA/Avon/46-Walnut-Ter-02322/home/11823418,MLS PIN,72617582,N,Y,42.126483,-71.0485
MLS Listing,,Condo/Co-op,10 Burleigh St #7,Providence,RI,2904,119000,2,1.5,Providence,1036,,1989,1,115,250,Active,,,http://www.redfin.com/RI/Providence/10-Burleigh-St-02904/unit-7/home/51706588,RIS,1246914,N,Y,41.854244,-71.4334809
MLS Listing,,Multi-Family (2-4 Unit),31 Mulberry St,Attleboro,MA,2703,289900,4,2,Attleboro,2270,10000,1900,1,128,,Active,,,http://www.redfin.com/MA/Attleboro/31-Mulberry-St-02703/home/15972850,MLS PIN,72617575,N,Y,41.934759,-71.281907
MLS Listing,,Single Family Residential,226 Blue Hill Ave,Milton,MA,2186,475000,4,1.5,Milton,1450,4861,1929,1,328,,Active,,,http://www.redfin.com/MA/Milton/226-Blue-Hill-Ave-02186/home/11712003,MLS PIN,72617573,N,Y,42.2576054,-71.0979437
MLS Listing,,Single Family Residential,558 Pleasant St,Franklin,MA,2038,399900,3,1.5,Franklin,1661,20399,1957,1,241,,Active,February-16-2020 12:00 PM,February-16-2020 01:30 PM,http://www.redfin.com/MA/Franklin/558-Pleasant-St-02038/home/11473548,MLS PIN,72617572,N,Y,42.1013229,-71.3791206
MLS Listing,,Condo/Co-op,200 Martins Lndg #411,North Reading,MA,1864,474999,2,2,North Reading,1326,,2018,1,358,345,Active,,,http://www.redfin.com/MA/North-Reading/MA-62-01864/unit-411/home/170217658,MLS PIN,72617570,N,Y,42.573,-71.1292
MLS Listing,,Condo/Co-op,8 Sanborn St #4010,Reading,MA,1867,679900,2,2,Reading,1055,,2020,1,644,275,Active,,,http://www.redfin.com/MA/Reading/8-Sanborn-St-01867/unit-4010/home/170544769,MLS PIN,72617569,N,Y,42.5237415,-71.1044207
MLS Listing,,Single Family Residential,13 Clarendon Rd,Auburn,MA,1501,109900,2,1,Pakachoag Hill,891,8202,1940,1,123,,Active,,,http://www.redfin.com/MA/Auburn/13-Clarendon-Rd-01501/home/16468078,MLS PIN,72617565,N,Y,42.2154666,-71.8247744
MLS Listing,,Single Family Residential,29 Avon Pl,Arlington,MA,2474,1200000,4,2,Arlington Center,2028,6762,1865,1,592,,Active,,,http://www.redfin.com/MA/Arlington/29-Avon-Pl-02474/home/8402904,MLS PIN,72617560,N,Y,42.4123062,-71.1510019
MLS Listing,,Single Family Residential,8 Macera Farm Rd,Johnston,RI,2919,449900,4,2.5,Johnston,3384,40075,1995,1,133,,Active,,,http://www.redfin.com/RI/Johnston/8-Macera-Farm-Rd-02919/home/51898267,RIS,1246720,N,Y,41.801747,-71.505737
MLS Listing,,Condo/Co-op,306 Commonwealth Ave #5,Boston,MA,2116,1399000,2,1.5,Back Bay,1088,,1886,1,1286,612,Active,,,http://www.redfin.com/MA/Boston/306-Commonwealth-Ave-02115/unit-5/home/9266192,MLS PIN,72617551,N,Y,42.3494355,-71.0854927
MLS Listing,,Condo/Co-op,201 W Brookline St #204,Boston,MA,2118,4050000,3,3.5,South End,2756,,2018,1,1470,1183,Active,,,http://www.redfin.com/MA/Boston/201-W-Brookline-St-02118/unit-204/home/167166344,MLS PIN,72617550,N,Y,42.3435255,-71.0764028
MLS Listing,,Single Family Residential,55 Box Mountain Dr,Vernon,CT,6066,234999,3,1.5,Vernon,1857,44866,1950,1,127,,Active,,,http://www.redfin.com/CT/Vernon/55-Box-Mountain-Dr-06066/home/54341760,Smart MLS,170270821,N,Y,41.8088947,-72.4663809
MLS Listing,,Townhouse,321 Bishops Forest Dr #321,Waltham,MA,2452,639900,2,2.5,Waltham,2010,,1989,1,318,499,Active,,,http://www.redfin.com/MA/Waltham/321-Bishops-Forest-Dr-02452/unit-321/home/168208698,MLS PIN,72617546,N,Y,42.3996758,-71.2263639
MLS Listing,,Single Family Residential,159 W 8th St,Boston,MA,2127,575000,2,1.5,South Boston,1148,1200,1900,1,501,,Active,,,http://www.redfin.com/MA/Boston/159-W-8th-St-02127/home/9190101,MLS PIN,72617543,N,Y,42.3342665,-71.0531422
MLS Listing,,Multi-Family (5+ Unit),305-309 Highland Ave,Somerville,MA,2144,4999900,17,9,Somerville,1250,,,1,4000,,Active,,,http://www.redfin.com/MA/Somerville/305-Highland-Ave-02144/home/8700887,MLS PIN,72617535,N,Y,42.3928872,-71.1134023
MLS Listing,,Single Family Residential,9 Middle St,Taunton,MA,2780,314900,3,1,Taunton,1092,18295,1962,1,288,,Active,February-15-2020 11:00 AM,February-15-2020 01:00 PM,http://www.redfin.com/MA/Taunton/9-Middle-St-02780/home/16095077,MLS PIN,72617532,N,Y,41.990908,-71.167542
MLS Listing,,Single Family Residential,21 Serenity Dr,Uxbridge,MA,1569,584900,3,2,Uxbridge,2000,108900,2020,1,292,,Active,,,http://www.redfin.com/MA/Uxbridge/21-Serenity-Dr-01569/home/66765931,MLS PIN,72617530,N,Y,42.1026522,-71.6149278
MLS Listing,,Single Family Residential,48 Ettrick St,Brockton,MA,2301,329900,3,2,Kennedy School,1598,8220,1960,1,206,,Active,,,http://www.redfin.com/MA/Brockton/48-Ettrick-St-02301/home/16331207,MLS PIN,72617529,N,Y,42.0673719,-71.0341068
MLS Listing,,Single Family Residential,112 Laura St,Providence,RI,2907,221900,4,2.5,Providence,2388,4000,1890,1,93,,Active,February-15-2020 12:00 PM,February-15-2020 01:30 PM,http://www.redfin.com/RI/Providence/112-Laura-St-02907/home/51718754,RIS,1246906,N,Y,41.8008582,-71.4230021
MLS Listing,,Single Family Residential,115 Kensington St,Braintree,MA,2184,649800,3,2,Braintree,1812,15046,1976,1,359,,Active,February-15-2020 12:00 PM,February-15-2020 02:00 PM,http://www.redfin.com/MA/Braintree/115-Kensington-St-02184/home/8810417,MLS PIN,72617526,N,Y,42.2095118,-70.9906921
MLS Listing,,Condo/Co-op,176 Maple Ave Unit 3-2,Rutland,MA,1543,99900,2,1,Rutland,720,,1972,1,139,275,Active,,,http://www.redfin.com/MA/Rutland/176-Maple-Ave-01543/unit-3-2/home/16586473,MLS PIN,72617525,N,Y,42.3582459,-71.9429697
MLS Listing,,Single Family Residential,15 VINEDALE Rd,Brockton,MA,2301,399900,2,2,Brockton,1678,10467,1976,1,238,,Active,,,http://www.redfin.com/MA/Brockton/15-Vinedale-Rd-02301/home/16336949,MLS PIN,72617522,N,Y,42.0892243,-71.075451
MLS Listing,,Single Family Residential,4 Clark St,Holden,MA,1520,269900,2,1,Holden,1126,19166,1957,1,240,,Active,February-15-2020 12:30 PM,February-15-2020 02:30 PM,http://www.redfin.com/MA/Holden/4-Clark-St-01520/home/16520233,MLS PIN,72617510,N,Y,42.3594653,-71.8597623
MLS Listing,,Single Family Residential,30 Hanover St,Providence,RI,2907,170000,3,1,Providence,1613,3049,1937,1,105,,Active,,,http://www.redfin.com/RI/Providence/30-Hanover-St-02907/home/51725208,RIS,1246905,N,Y,41.8076248,-71.425974
MLS Listing,,Single Family Residential,34 River Rd,Taunton,MA,2780,350000,3,1,Taunton,1224,17424,1963,1,286,,Active,,,http://www.redfin.com/MA/Taunton/34-River-Rd-02780/home/16101065,MLS PIN,72617508,N,Y,41.9065848,-71.0708316
MLS Listing,,Single Family Residential,90 Hillside Rd,Braintree,MA,2184,480000,2,2,East Braintree,1200,16220,1973,1,400,,Active,,,http://www.redfin.com/MA/Braintree/90-Hillside-Rd-02184/home/11700148,MLS PIN,72617501,N,Y,42.2193114,-70.9866522
MLS Listing,,Single Family Residential,93 BYRON Rd,Weston,MA,2493,1675000,5,3.5,Weston,4000,40883,1956,1,419,,Active,,,http://www.redfin.com/MA/Weston/93-Byron-Rd-02493/home/8791595,MLS PIN,72617498,N,Y,42.332908,-71.2818992
MLS Listing,,Townhouse,124 Milton St #2,Dedham,MA,2026,635000,3,2.5,Dedham,2300,9550,2019,1,276,200,Active,February-15-2020 11:00 AM,February-15-2020 02:00 PM,http://www.redfin.com/MA/Dedham/124-Milton-St-02026/unit-2/home/170544067,MLS PIN,72617493,N,Y,42.2444367,-71.1506306
MLS Listing,,Single Family Residential,87 Leading St,Johnston,RI,2919,279000,3,1,Johnston,1780,4320,1973,1,157,,Active,,,http://www.redfin.com/RI/Johnston/87-Leading-St-02919/home/51891876,RIS,1246903,N,Y,41.8293322,-71.4787044
MLS Listing,,Townhouse,122 Milton St #1,Dedham,MA,2026,635000,3,2.5,Dedham,2300,9550,2019,1,276,200,Active,February-15-2020 11:00 AM,February-15-2020 02:00 PM,http://www.redfin.com/MA/Dedham/122-Milton-St-02026/unit-1/home/170544050,MLS PIN,72617491,N,Y,42.2444394,-71.1506604
MLS Listing,,Vacant Land,4 LORING Ave,Winchester,MA,1890,699999,,,Winchester,,7055,,1,,,Active,February-11-2020 11:00 AM,February-11-2020 12:00 PM,http://www.redfin.com/MA/Winchester/4-Loring-Ave-01890/home/170544039,MLS PIN,72617489,N,Y,42.4616605,-71.1400787
MLS Listing,,Single Family Residential,28 Talcott Ave,Pawtucket,RI,2860,230000,3,1.5,Pawtucket,1700,5000,1970,1,135,,Active,,,http://www.redfin.com/RI/Pawtucket/28-Talcott-Ave-02860/home/52022033,RIS,1246766,N,Y,41.8646997,-71.3749237
MLS Listing,,Single Family Residential,247 SWANTON St,Winchester,MA,1890,649999,3,1,POTENTIALLY could be numbered as 5 WHITE STREET,1582,8427,1880,1,411,,Active,February-15-2020 12:30 PM,February-15-2020 02:30 PM,http://www.redfin.com/MA/Winchester/247-Swanton-St-01890/home/11452436,MLS PIN,72617486,N,Y,42.4617788,-71.1404187
MLS Listing,,Single Family Residential,50 Harlan Dr,Brockton,MA,2301,435000,4,2.5,Brockton,1666,10968,1955,1,261,,Active,February-15-2020 01:00 PM,February-15-2020 03:00 PM,http://www.redfin.com/MA/Brockton/50-Harlan-Dr-02301/home/16330845,MLS PIN,72617485,N,Y,42.0662293,-71.0354997
MLS Listing,,Single Family Residential,,South Windsor,CT,6074,899900,4,3.5,,3950,30056,2020,1,228,,Active,,,http://www.redfin.com/CT/South-Windsor/Undisclosed-address-06074/home/54127206,Smart MLS,170242224,N,Y,41.8581666,-72.5085124
MLS Listing,,Single Family Residential,840 Newton St,Brookline,MA,2467,1999000,5,6,Chestnut Hill,4677,15996,2000,1,427,42,Active,,,http://www.redfin.com/MA/Brookline/840-Newton-St-02467/unit-840/home/145166459,MLS PIN,72617476,N,Y,42.3077556,-71.1685651
MLS Listing,,Single Family Residential,30 Greenwood Rd,Brockton,MA,2301,479900,4,3,Brockton,2572,12118,2020,1,187,,Active,,,http://www.redfin.com/MA/Brockton/30-Greenwood-Rd-02301/home/170544000,MLS PIN,72617475,N,Y,42.0573385,-71.0143219
MLS Listing,,Multi-Family (2-4 Unit),138 Forest Ave,Brockton,MA,2301,559900,4,2,Brockton,2089,6652,1924,1,268,,Active,,,http://www.redfin.com/MA/Brockton/138-Forest-Ave-02301/home/16324591,MLS PIN,72617471,N,Y,42.0719058,-71.0250528
MLS Listing,,Single Family Residential,24 Colorado Dr,Somers,CT,6071,274900,3,2.5,Somers,1500,40075,1973,1,183,,Active,February-16-2020 02:30 PM,February-16-2020 04:30 PM,http://www.redfin.com/CT/Somers/24-Colorado-Dr-06071/home/53778653,Smart MLS,170270200,N,Y,41.9804345,-72.4128459
MLS Listing,,Single Family Residential,28 Donna Rd,Chelmsford,MA,1824,825900,4,3,Chelmsford,3800,30846,2017,1,217,,Active,February-15-2020 12:00 PM,February-15-2020 02:30 PM,http://www.redfin.com/MA/Chelmsford/28-Donna-Rd-01824/home/11587615,MLS PIN,72617468,N,Y,42.5698843,-71.3409867
MLS Listing,,Single Family Residential,34 Upland St,Auburn,MA,1501,318000,2,2,Pakachoag/Golf Course,1176,16820,1954,1,270,,Active,,,http://www.redfin.com/MA/Auburn/34-Upland-St-01501/home/16468460,MLS PIN,72617399,N,Y,42.2224566,-71.8106902
MLS Listing,,Multi-Family (2-4 Unit),21 High St,Smithfield,RI,2917,239900,5,2,Esmond,2975,9147,1920,1,81,,Active,February-16-2020 11:00 AM,February-16-2020 12:30 PM,http://www.redfin.com/RI/Smithfield/21-High-St-02917/home/51811751,RIS,1246042,N,Y,41.8799126,-71.4994476
MLS Listing,,Condo/Co-op,10 Thistle Way Unit B,East Windsor,CT,6016,162900,2,1.5,Broad Brook,1449,,1987,1,112,245,Active,February-16-2020 11:30 AM,February-16-2020 01:00 PM,http://www.redfin.com/CT/Broad-Brook/10-Thistle-Way-06016/unit-B/home/53760890,Smart MLS,170260806,N,Y,41.909754,-72.559971
MLS Listing,,Vacant Land,144 Chestnut St,Marlborough,MA,1752,235000,,,Marlborough,,8205,,1,,,Active,,,http://www.redfin.com/MA/Marlborough/144-Chestnut-St-01752/home/11635232,MLS PIN,72617458,N,Y,42.3460875,-71.5620792
MLS Listing,,Single Family Residential,44 Otis St,Mansfield,MA,2048,529900,4,3,Mansfield,3522,17860,1983,1,150,,Active,,,http://www.redfin.com/MA/Mansfield/44-Otis-St-02048/home/16030714,MLS PIN,72617457,N,Y,41.9967772,-71.2460989
MLS Listing,,Condo/Co-op,6 Daania Dr #9,Westborough,MA,1581,549900,2,2.5,Westborough,1718,,2020,1,320,200,Active,,,http://www.redfin.com/MA/Westborough/6-Daania-Dr-01581/unit-9/home/170543851,MLS PIN,72617456,N,Y,42.2706467,-71.6562893
MLS Listing,,Townhouse,20 Ship Ave #10,Medford,MA,2155,519000,2,2,Medford,1193,,1987,1,435,342,Active,,,http://www.redfin.com/MA/Medford/20-Ship-Ave-02155/unit-10/home/11794385,MLS PIN,72617455,N,Y,42.4133563,-71.099811
MLS Listing,,Condo/Co-op,45 Lewis St Ph 18,Boston,MA,2128,1049000,2,2,East Boston,1092,,2020,1,961,792,Active,,,http://www.redfin.com/MA/Boston/45-Lewis-St-02128/unit-18/home/170543843,MLS PIN,72617454,N,Y,42.367359,-71.0418243
MLS Listing,,Condo/Co-op,3 Daania Dr #7,Westborough,MA,1581,549900,2,2.5,Westborough,1718,,2020,1,320,200,Active,,,http://www.redfin.com/MA/Westborough/3-Daania-Dr-01581/unit-7/home/170543842,MLS PIN,72617452,N,Y,42.2706467,-71.6562893
MLS Listing,,Single Family Residential,3 Ligian Ct,Johnston,RI,2919,274900,3,2,Johnston,2020,13553,2000,1,136,,Active,,,http://www.redfin.com/RI/Johnston/3-Ligian-Ct-02919/home/51900015,RIS,1246892,N,Y,41.8056623,-71.4941938
MLS Listing,,Single Family Residential,33 Mount Hygeia Rd,Foster,RI,2825,275000,4,2,North Foster / Central Foster,2266,172062,1923,1,121,,Active,,,http://www.redfin.com/RI/Foster/33-Mt-Hygeia-Rd-02825/home/51944741,RIS,1246890,N,Y,41.827182,-71.750153
MLS Listing,,Single Family Residential,268 Morin St,Woonsocket,RI,2895,229900,3,1,East Woonsocket,1600,10049,1947,1,144,,Active,,,http://www.redfin.com/RI/Woonsocket/268-Morin-St-02895/home/51970857,RIS,1246858,N,Y,42.012971,-71.481914
MLS Listing,,Condo/Co-op,15 Staples Ave #37,Everett,MA,2149,289900,2,1,Everett,722,,1960,1,402,311,Active,,,http://www.redfin.com/MA/Everett/15-Staples-Ave-02149/unit-37/home/8502153,MLS PIN,72617443,N,Y,42.4143764,-71.0553894
MLS Listing,,Single Family Residential,82 Sunset Ave,North Providence,RI,2911,209000,3,1,North Providence,2048,5793,1977,1,102,,Active,,,http://www.redfin.com/RI/North-Providence/82-Sunset-Ave-02911/home/52037072,RIS,1246888,N,Y,41.8567898,-71.4691508
MLS Listing,,Townhouse,Lot 41 Plymouth St Unit B,Canton,MA,2021,535000,3,2,Canton,1900,13983,2019,1,282,175,Active,,,http://www.redfin.com/MA/Canton/41-Plymouth-St-02021/unit-B/home/170543710,MLS PIN,72617440,N,Y,42.1540951,-71.148449
MLS Listing,,Single Family Residential,114 Jaques St,Somerville,MA,2145,1000000,5,2.5,Somerville,2100,2683,1900,1,476,,Active,February-15-2020 01:00 PM,February-15-2020 03:00 PM,http://www.redfin.com/MA/Somerville/114-Jaques-St-02145/home/8720661,MLS PIN,72617436,N,Y,42.3955758,-71.0947869
MLS Listing,,Single Family Residential,9 Connors Cir,Randolph,MA,2368,349000,3,1.5,Randolph,1364,,1985,1,256,,Active,February-15-2020 01:00 PM,February-15-2020 03:00 PM,http://www.redfin.com/MA/Randolph/9-Connor-Cir-02368/home/11733118,MLS PIN,72617433,N,Y,42.1635084,-71.0272815
MLS Listing,,Condo/Co-op,160 Cottage St #001,Boston,MA,2128,384900,2,1,East Boston's Jeffries Point,624,,1905,1,617,207,Active,,,http://www.redfin.com/MA/Boston/160-Cottage-St-02128/unit-1/home/9107768,MLS PIN,72617431,N,Y,42.3699694,-71.0331449
MLS Listing,,Condo/Co-op,409 Pinewood Dr,Smithfield,RI,2917,185000,2,1,Esmond,1040,,1986,1,178,175,Active,,,http://www.redfin.com/RI/Smithfield/409-Pinewood-Dr-02917/home/51811897,RIS,1246879,N,Y,41.879137,-71.505856
MLS Listing,,Single Family Residential,1068 MAIN St,Walpole,MA,2081,675000,3,2.5,Prime in-town location,2505,16988,1949,1,269,,Active,,,http://www.redfin.com/MA/Walpole/1068-Main-St-02081/home/8966025,MLS PIN,72617428,N,Y,42.1427396,-71.2548695
MLS Listing,,Single Family Residential,35 Woodlot Dr Lot 16,Milton,MA,2186,1608765,4,3.5,Milton Woods,5714,24829,2020,1,282,205,Active,,,http://www.redfin.com/MA/Milton/35-Woodlot-Dr-02186/unit-16/home/170543504,MLS PIN,72617422,N,Y,42.2402298,-71.0897371
MLS Listing,,Condo/Co-op,9 Medford St Ph 10,Somerville,MA,2143,1100000,2,2,Somerville,1189,,1916,1,925,874,Active,February-12-2020 11:30 AM,February-12-2020 02:30 PM,http://www.redfin.com/MA/Somerville/9-Medford-St-02143/unit-10/home/170504436,MLS PIN,72617420,N,Y,42.3742011,-71.0868252
MLS Listing,,Single Family Residential,12 Morton Rd,Newton,MA,2459,1900000,3,3.5,Newton Center,3214,8523,1916,1,591,,Active,,,http://www.redfin.com/MA/Newton/12-Morton-Rd-02459/home/11424489,MLS PIN,72617419,N,Y,42.3391166,-71.2015932
MLS Listing,,Single Family Residential,27 Galen St,Brockton,MA,2302,305000,3,1,Brockton,1032,6268,1925,1,296,,Active,,,http://www.redfin.com/MA/Brockton/27-Galen-St-02302/home/16335623,MLS PIN,72617418,N,Y,42.0848149,-70.9936291
MLS Listing,,Vacant Land,0 Pomfret Rd,Hampton,CT,6427,72900,,,Hampton,,689990,,1,,,Active,,,http://www.redfin.com/CT/Hampton/Pomfret-Rd-06247/home/166893466,Smart MLS,170270690,N,Y,41.819659,-72.036265
MLS Listing,,Multi-Family (2-4 Unit),548 Fairmount St,Fitchburg,MA,1420,299900,6,2,Fitchburg,2625,15775,1880,1,114,,Active,February-15-2020 11:00 AM,February-15-2020 03:00 PM,http://www.redfin.com/MA/Fitchburg/548-Fairmount-St-01420/home/16501004,MLS PIN,72617416,N,Y,42.5750044,-71.8320942
MLS Listing,,Single Family Residential,40 Valley St,Blackstone,MA,1504,259900,2,1,Blackstone,1108,16117,1958,1,235,,Active,,,http://www.redfin.com/MA/Blackstone/40-Valley-St-01504/home/16475627,RIS,1246880,N,Y,42.018772,-71.505565
MLS Listing,,Mobile/Manufactured Home,252 newbury #112,Peabody,MA,1960,139900,2,1,Peabody,1030,,1977,1,136,,Active,,,http://www.redfin.com/MA/Peabody/252-Newbury-St-01960/unit-112/home/170543409,MLS PIN,72617414,N,Y,42.5514936,-70.9821227
MLS Listing,,Single Family Residential,19 Myrtle St,Taunton,MA,2780,299000,3,1.5,Taunton,1225,14810,1995,1,244,,Active,,,http://www.redfin.com/MA/Taunton/19-Myrtle-St-02780/home/16100170,MLS PIN,72617413,N,Y,41.8982437,-71.1022494
MLS Listing,,Townhouse,16 Pemberton St Unit C,Walpole,MA,2081,229000,2,1.5,Walpole,1032,,1985,1,222,100,Active,,,http://www.redfin.com/MA/Walpole/16-Pemberton-St-02081/unit-C/home/8957895,MLS PIN,72617412,N,Y,42.153771,-71.248566
MLS Listing,,Single Family Residential,24 Kingsbury St #1,Wellesley,MA,2481,1099900,4,2.5,Wellesley,3054,,2006,1,360,250,Active,,,http://www.redfin.com/MA/Wellesley/24-Kingsbury-St-02481/unit-1/home/11831902,MLS PIN,72617408,N,Y,42.3031745,-71.2878669
MLS Listing,,Single Family Residential,52 Clinton,Pawtucket,RI,2861,310000,3,1.5,Darlington,1440,4791,2018,1,215,,Active,,,http://www.redfin.com/RI/Pawtucket/52-Clinton-St-02861/home/52019471,MLS PIN,72617404,N,Y,41.891469,-71.351561
MLS Listing,,Single Family Residential,174 Highland St,Weston,MA,2493,7499000,6,7.5,Southside Estate Area,10002,130132,2000,1,750,,Active,,,http://www.redfin.com/MA/Weston/174-Highland-St-02493/home/8776071,MLS PIN,72617397,N,Y,42.3543701,-71.3191808
MLS Listing,,Single Family Residential,2 Bayou Dr,Smithfield,RI,2828,160000,3,1,Greenville,1343,6098,1945,1,119,,Active,,,http://www.redfin.com/RI/Greenville/2-Bayou-Dr-02828/home/51814473,RIS,1246873,N,Y,41.867955,-71.551545
MLS Listing,,Single Family Residential,46 Wells Park Rd,Sturbridge,MA,1566,349900,3,2,Sturbridge,1254,33541,1969,1,279,17,Active,February-15-2020 11:00 AM,February-15-2020 01:00 PM,http://www.redfin.com/MA/Sturbridge/46-Wells-Park-Rd-01566/home/16613089,MLS PIN,72612638,N,Y,42.138435,-72.0546633
MLS Listing,,Single Family Residential,61 Berlin St,Dedham,MA,2026,419900,3,1,Dedham,1056,7579,1959,2,398,,Active,,,http://www.redfin.com/MA/Dedham/61-Berlin-St-02026/home/8853357,MLS PIN,72617388,N,Y,42.2533154,-71.1492381
MLS Listing,,Single Family Residential,65 Federal St,Pawtucket,RI,2861,269900,4,1,Pawtucket,1342,5000,1940,2,201,,Active,,,http://www.redfin.com/RI/Pawtucket/65-Federal-St-02861/home/52009842,RIS,1246872,N,Y,41.873144,-71.355949
MLS Listing,,Multi-Family (2-4 Unit),123 Second Ave,Woonsocket,RI,2895,327800,12,3,Woonsocket,1734,5500,1900,2,189,,Active,,,http://www.redfin.com/RI/Woonsocket/123-2nd-Ave-02895/home/51968536,RIS,1246869,N,Y,41.99965,-71.5258039
MLS Listing,,Condo/Co-op,6 Millstone Dr #6,Medway,MA,2053,529900,3,2.5,Medway,2150,,2015,2,246,310,Active,February-13-2020 05:00 PM,February-13-2020 06:30 PM,http://www.redfin.com/MA/Medway/6-Millstone-Dr-02053/unit-6/home/170542688,MLS PIN,72617381,N,Y,42.1615551,-71.4285308
MLS Listing,,Townhouse,21 Towle Dr #21,Holden,MA,1520,215000,3,1.5,Holden,1200,,1990,2,179,228,Active,,,http://www.redfin.com/MA/Holden/21-Towle-Dr-01520/unit-21/home/105878141,MLS PIN,72617378,N,Y,42.34269,-71.8615506
MLS Listing,,Single Family Residential,233 Roosevelt,Fitchburg,MA,1420,387000,3,2.5,Fitchburg,1948,32920,2010,2,199,,Active,,,http://www.redfin.com/MA/Fitchburg/233-Roosevelt-St-01420/home/39877075,MLS PIN,72617375,N,Y,42.5703738,-71.8426777
MLS Listing,,Multi-Family (2-4 Unit),739 Cummins Hwy,Boston,MA,2126,525000,4,2,Mattapan,2352,6050,1927,2,223,,Active,,,http://www.redfin.com/MA/Mattapan/739-Cummins-Hwy-02126/home/9158832,MLS PIN,72617370,N,Y,42.2702586,-71.101054
MLS Listing,,Mobile/Manufactured Home,19 Second St,Sturbridge,MA,1566,49900,2,1.5,Sturbridge,1103,,1981,2,45,312,Active,,,http://www.redfin.com/MA/Sturbridge/19-2nd-St-01566/home/138490281,MLS PIN,72617369,N,Y,42.0798241,-72.0851962
MLS Listing,,Single Family Residential,107 East St S,Suffield,CT,6078,755700,5,3,Suffield,2986,2203264,1983,2,253,,Active,,,http://www.redfin.com/CT/Suffield/107-East-St-S-06078/home/54059345,Smart MLS,170270315,N,Y,41.9731784,-72.6142829
MLS Listing,,Multi-Family (2-4 Unit),30 Dora St,Providence,RI,2909,235499,6,3,Providence,2560,2150,1912,2,92,,Active,,,http://www.redfin.com/RI/Providence/30-Dora-St-02909/home/51716595,RIS,1246865,N,Y,41.8090292,-71.4440842
MLS Listing,,Single Family Residential,2 Rose Ln,Sharon,MA,2067,1095000,5,3.5,Sharon,3802,359220,1989,2,288,,Active,February-16-2020 01:00 PM,February-16-2020 02:00 PM,http://www.redfin.com/MA/Sharon/2-Rose-Ln-02067/home/8960739,MLS PIN,72617368,N,Y,42.145846,-71.189013
MLS Listing,,Condo/Co-op,24 Front St #6,Woonsocket,RI,2895,219900,2,1,BERNON / RIVER ISLAND ART PARK,1391,,1896,2,158,220,Active,February-15-2020 11:00 AM,February-15-2020 12:30 PM,http://www.redfin.com/RI/Woonsocket/24-Front-St-02895/unit-6/home/51971363,RIS,1246863,N,Y,42.0022668,-71.5108791
MLS Listing,,Condo/Co-op,100 Lovejoy Wharf Unit 6C,Boston,MA,2114,1425000,2,2,Waterfront,1244,,2017,2,1145,1264,Active,,,http://www.redfin.com/MA/Boston/100-Lovejoy-Wharf-02114/unit-6C/home/167701674,MLS PIN,72617363,N,Y,42.3664934,-71.0598946
MLS Listing,,Condo/Co-op,100 Lovejoy Wharf Ph 3E,Boston,MA,2114,2999000,3,3,Waterfront,1644,,2017,2,1824,2130,Active,,,http://www.redfin.com/MA/Boston/100-Lovejoy-Wharf-02114/unit-3E/home/167701838,MLS PIN,72617362,N,Y,42.3664934,-71.0598946
MLS Listing,,Single Family Residential,51 School St,Johnston,RI,2919,319900,3,2,Johnston,2081,9147,1953,2,154,,Active,,,http://www.redfin.com/RI/Johnston/51-School-St-02919/home/51896033,RIS,1246864,N,Y,41.8007386,-71.4747624
MLS Listing,,Condo/Co-op,100 Lovejoy Wharf Ph 1A,Boston,MA,2114,1195000,1,1.5,Waterfront,1083,,2017,2,1103,1156,Active,,,http://www.redfin.com/MA/Boston/100-Lovejoy-Wharf-02114/unit-1A/home/167701817,MLS PIN,72617360,N,Y,42.3664934,-71.0598946
MLS Listing,,Condo/Co-op,100 Lovejoy Wharf Unit 11D,Boston,MA,2114,2299000,3,3,Waterfront,1664,,2017,2,1382,2008,Active,,,http://www.redfin.com/MA/Boston/100-Lovejoy-Wharf-02114/unit-11D/home/167701786,MLS PIN,72617358,N,Y,42.3664934,-71.0598946
MLS Listing,,Condo/Co-op,100 Lovejoy Wharf Unit 7P,Boston,MA,2114,1399000,2,2,Waterfront,1342,,2017,2,1042,1417,Active,,,http://www.redfin.com/MA/Boston/100-Lovejoy-Wharf-02114/unit-7P/home/167701733,MLS PIN,72617355,N,Y,42.3664934,-71.0598946
MLS Listing,,Single Family Residential,18 Maravista Rd,Worcester,MA,1606,364900,2,2,Worcester,1092,6969,2019,2,334,,Active,February-15-2020 11:30 AM,February-15-2020 01:00 PM,http://www.redfin.com/MA/Worcester/18-Maravista-Rd-01606/home/144785618,MLS PIN,72617350,N,Y,42.3255201,-71.8069693
MLS Listing,,Single Family Residential,251 Old Post Rd,Tolland,CT,6084,379900,3,2.5,Tolland,2651,131986,2000,2,143,,Active,February-16-2020 01:00 PM,February-16-2020 03:00 PM,http://www.redfin.com/CT/Tolland/251-Old-Post-Rd-06084/home/54112926,Smart MLS,170270627,N,Y,41.8671085,-72.3839937
MLS Listing,,Condo/Co-op,69 Foundry St #401,Wakefield,MA,1880,480000,2,2,Wakefield,994,,2020,2,483,422,Active,,,http://www.redfin.com/MA/Wakefield/69-Foundry-St-01880/unit-401/home/170542229,MLS PIN,72617347,N,Y,42.4990765,-71.0744761
MLS Listing,,Condo/Co-op,69 Foundry St #410,Wakefield,MA,1880,485000,2,2,Wakefield,994,,2020,2,488,426,Active,,,http://www.redfin.com/MA/Wakefield/69-Foundry-St-01880/unit-410/home/170542228,MLS PIN,72617346,N,Y,42.4990765,-71.0744761
MLS Listing,,Multi-Family (2-4 Unit),27 Dearborn Ave,Lynn,MA,1905,659900,6,3,Lynn,2721,4206,1900,2,243,,Active,,,http://www.redfin.com/MA/Lynn/27-Dearborn-Ave-01905/home/11550366,MLS PIN,72617345,N,Y,42.4589234,-70.9785955
MLS Listing,,Single Family Residential,18 Angell Ln,Scituate,RI,2857,235000,2,1,Chopmist Hill,1156,23392,1965,2,203,,Active,,,http://www.redfin.com/RI/Scituate/18-Angell-Ln-02857/home/51972887,RIS,1246860,N,Y,41.810447,-71.667497
MLS Listing,,Single Family Residential,137 East St S,Suffield,CT,6078,379700,3,2,Suffield,2262,318859,1854,2,168,,Active,,,http://www.redfin.com/CT/Suffield/137-East-St-S-06078/home/54059292,Smart MLS,170270282,N,Y,41.972364,-72.615836
MLS Listing,,Single Family Residential,3 Crestwood Dr,Johnston,RI,2919,292900,3,2,Johnston,1850,11325,1966,2,158,,Active,,,http://www.redfin.com/RI/Johnston/3-Crestwood-Dr-02919/home/51899905,RIS,1246810,N,Y,41.8110751,-71.4987385
MLS Listing,,Single Family Residential,171 Birchtree Dr,Westwood,MA,2090,889900,3,2,Westwood,1933,15080,1950,2,460,,Active,,,http://www.redfin.com/MA/Westwood/171-Birch-Tree-Dr-02090/home/8964828,MLS PIN,72617336,N,Y,42.2295402,-71.2226865
MLS Listing,,Single Family Residential,304 Tolland Stage Rd,Tolland,CT,6084,339900,4,3.5,Tolland,2668,92347,2010,2,127,,Active,,,http://www.redfin.com/CT/Tolland/304-Tolland-Stage-Rd-06084/home/54109052,Smart MLS,170270614,N,Y,41.8737722,-72.4014256
MLS Listing,,Condo/Co-op,69 Foundry St #210,Wakefield,MA,1880,475000,2,2,Wakefield,994,,2020,2,478,422,Active,,,http://www.redfin.com/MA/Wakefield/69-Foundry-St-01880/unit-210/home/170541847,MLS PIN,72617334,N,Y,42.4990765,-71.0744761
MLS Listing,,Condo/Co-op,69 Foundry St #214,Wakefield,MA,1880,480000,2,2,Wakefield,994,,2020,2,483,422,Active,,,http://www.redfin.com/MA/Wakefield/69-Foundry-St-01880/unit-214/home/170541830,MLS PIN,72617333,N,Y,42.4990765,-71.0744761
MLS Listing,,Single Family Residential,420 Thicket St,Weymouth,MA,2190,479900,3,2,Weymouth,1092,15514,1958,2,439,,Active,,,http://www.redfin.com/MA/Weymouth/420-Thicket-St-02190/home/11529502,MLS PIN,72617330,N,Y,42.1432188,-70.969517
MLS Listing,,Single Family Residential,46 Deer Run Cir,Barre,MA,1005,259900,3,2,Barre,1656,79204,1992,2,157,,Active,,,http://www.redfin.com/MA/Barre/46-Deer-Run-Cir-01005/home/16472069,MLS PIN,72617328,N,Y,42.4320458,-72.0723787
MLS Listing,,Single Family Residential,9 Glen Gery Rd,Shrewsbury,MA,1545,615000,4,2.5,Shrewsbury,2352,20790,1992,2,261,,Active,,,http://www.redfin.com/MA/Shrewsbury/9-Glen-Gery-Rd-01545/home/16596703,MLS PIN,72617326,N,Y,42.325282,-71.6991883
MLS Listing,,Single Family Residential,50 Woodside Ave,Rutland,MA,1543,379900,3,2.5,Brice Estates,2248,15000,,2,169,,Active,,,http://www.redfin.com/MA/Rutland/50-Woodside-Ave-01543/home/170541719,MLS PIN,72617320,N,Y,42.3781224,-71.9792433
MLS Listing,,Single Family Residential,138 Cherry St,Malden,MA,2148,498888,4,1.5,Forestdale,1573,4694,1967,2,317,,Active,,,http://www.redfin.com/MA/Malden/138-Cherry-St-02148/home/11414173,MLS PIN,72617317,N,Y,42.4380591,-71.05305
MLS Listing,,Condo/Co-op,1800 Douglas Ave #221,North Providence,RI,2904,179900,2,2,Governor Notte Park,1120,,1989,2,161,260,Active,,,http://www.redfin.com/RI/North-Providence/1800-Douglas-Ave-02904/unit-221/home/52032920,RIS,1246856,N,Y,41.8715934,-71.4653481
MLS Listing,,Single Family Residential,189 Kendall Rd,Holden,MA,1520,459900,3,2.5,Holden,3388,44792,1985,2,136,,Active,,,http://www.redfin.com/MA/Holden/189-Kendall-RD-01520/home/169566477,MLS PIN,72617314,N,Y,42.341032,-71.845274
MLS Listing,,Condo/Co-op,171 Copperwood Dr #171,Stoughton,MA,2072,349900,2,2.5,Stoughton,2500,,1986,2,140,368,Active,,,http://www.redfin.com/MA/Stoughton/171-Copperwood-Dr-02072/unit-171/home/170184509,MLS PIN,72617311,N,Y,42.1406537,-71.1367195
MLS Listing,,Condo/Co-op,7 Mallard Ct #7,East Windsor,CT,6088,289000,2,2,East Windsor,1608,,2013,2,180,165,Active,,,http://www.redfin.com/CT/East-Windsor/7-Mallard-Ct-06088/unit-7/home/109561835,Smart MLS,170269526,N,Y,41.9276879,-72.5846025
MLS Listing,,Townhouse,57 Bellwood Cir #57,Bellingham,MA,2019,239900,2,1.5,Bellingham,1164,,1987,2,206,379,Active,,,http://www.redfin.com/MA/Bellingham/57-Bellwood-Cir-02019/unit-57/home/8815265,MLS PIN,72617303,N,Y,42.083843,-71.480721
MLS Listing,,Condo/Co-op,23 Rainbow Pond Dr Unit C2,Walpole,MA,2081,314900,2,2,Walpole,1167,,1980,2,270,674,Active,,,http://www.redfin.com/MA/Walpole/23-Rainbow-Pond-Dr-02081/unit-C2/home/8968700,MLS PIN,72617302,N,Y,42.1458131,-71.2380905
MLS Listing,,Single Family Residential,245 Manton St,Pawtucket,RI,2861,74900,2,2,Pawtucket,924,6500,1980,2,81,,Active,,,http://www.redfin.com/RI/Pawtucket/245-Manton-St-02861/home/52022995,RIS,1246853,N,Y,41.8647299,-71.3447909
MLS Listing,,Single Family Residential,67 Crescent Rd,Pawtucket,RI,2861,199900,2,1,Darlington,700,5000,1920,2,286,,Active,,,http://www.redfin.com/RI/Pawtucket/67-Crescent-Rd-02861/home/52021249,RIS,1246852,N,Y,41.8790221,-71.3508684
MLS Listing,,Single Family Residential,24 Dwight St,Cumberland,RI,2864,319900,3,1,Cumberland Hill,1120,14810,1957,2,286,,Active,,,http://www.redfin.com/RI/Cumberland/24-Dwight-St-02864/home/51920000,RIS,1246851,N,Y,41.969162,-71.458505
MLS Listing,,Single Family Residential,162 Green St,Shrewsbury,MA,1545,879800,4,2.5,Shrewsbury,3190,67082,2020,2,276,,Active,,,http://www.redfin.com/MA/Shrewsbury/162-Green-St-01545/home/167708880,MLS PIN,72617297,N,Y,42.2619752,-71.6789219
MLS Listing,,Condo/Co-op,6 Stonehenge Dr Unit 101W,Smithfield,RI,2828,94900,1,1,Smithfield,477,,1970,2,199,160,Active,,,http://www.redfin.com/RI/Greenville/6-Stonehenge-Dr-02828/unit-101W/home/51814669,RIS,1246850,N,Y,41.865048,-71.572484
MLS Listing,,Single Family Residential,43 Prospect St,Carlisle,MA,1741,1299000,4,4.5,Carlisle,4375,87555,2002,2,297,,Active,,,http://www.redfin.com/MA/Carlisle/43-Prospect-St-01741/home/8462360,MLS PIN,72617296,N,Y,42.5031224,-71.3327516
MLS Listing,,Single Family Residential,432 Gehring Rd,Tolland,CT,6084,215500,3,1,Tolland,1524,33541,1962,2,141,,Active,,,http://www.redfin.com/CT/Tolland/432-Gehring-Rd-06084/home/54111218,Smart MLS,170270577,N,Y,41.8377938,-72.3991137
MLS Listing,,Single Family Residential,51 1/2 Old Shirley Rd,Harvard,MA,1451,789900,4,2.5,Harvard,3190,353707,2020,2,248,,Active,,,http://www.redfin.com/MA/Harvard/2-Old-Shirley-Rd-01451/home/14816281,MLS PIN,72617292,N,Y,42.5207558,-71.5832675
MLS Listing,,Single Family Residential,30 Fiske Ave,Cumberland,RI,2864,265000,3,3,Cumberland Hill,2359,10454,1958,2,112,,Active,,,http://www.redfin.com/RI/Cumberland/30-Fiske-Ave-02864/home/51920688,RIS,1246849,N,Y,41.9616146,-71.4456829
MLS Listing,,Single Family Residential,523 Bedford St,Concord,MA,1742,1475000,4,2.5,Concord,3977,20871,2013,2,371,,Active,,,http://www.redfin.com/MA/Concord/523-Bedford-St-01742/home/11589116,MLS PIN,72617291,N,Y,42.467726,-71.3319861
MLS Listing,,Condo/Co-op,20 Church St #3,Braintree,MA,2184,319900,2,1,Braintree,935,99999,1969,2,342,398,Active,,,http://www.redfin.com/MA/Braintree/20-Church-St-02184/unit-3/home/8838126,MLS PIN,72617290,N,Y,42.2230852,-71.0014786
MLS Listing,,Single Family Residential,3.1 Pinnacle Rd,Harvard,MA,1451,899900,4,4,Harvard,3768,77972,2020,2,239,,Active,,,http://www.redfin.com/MA/Harvard/3-1-Pinnacle-Rd-01451/home/170541091,MLS PIN,72617289,N,Y,42.5082492,-71.5596729
MLS Listing,,Condo/Co-op,660 E Seventh St #1,Boston,MA,2127,899000,3,3,South Boston,1660,2337,1900,2,542,,Active,,,http://www.redfin.com/MA/Boston/660-E-7th-St-02127/unit-1/home/170540571,MLS PIN,72617285,N,Y,42.3324914,-71.0337237
MLS Listing,,Condo/Co-op,25 Kennison Ct #79,South Windsor,CT,6074,298150,2,2.5,Wapping,1960,,2020,2,152,225,Active,,,http://www.redfin.com/CT/South-Windsor/25-Kennison-CT-06074/unit-79/home/170540317,Smart MLS,170270560,N,Y,41.821263,-72.602519
MLS Listing,,Single Family Residential,10 Cottage St,Lincoln,RI,2838,389900,3,3,Lincoln,2000,8351,2019,2,195,,Active,,,http://www.redfin.com/RI/Manville/10-Cottage-St-02838/home/51882869,RIS,1246843,N,Y,41.9693044,-71.4699507
MLS Listing,,Condo/Co-op,41 Kennison Ct #75,South Windsor,CT,6074,286100,2,2.5,Wapping,1938,,2020,2,148,225,Active,,,http://www.redfin.com/CT/South-Windsor/41-Kennison-CT-06074/unit-75/home/170540177,Smart MLS,170270555,N,Y,41.821188,-72.602044
MLS Listing,,Single Family Residential,3 Blue Heron Way,Acton,MA,1720,699000,3,3,Acton,2435,,1995,2,287,876,Active,,,http://www.redfin.com/MA/Acton/3-Blue-Heron-Way-01720/home/11356554,MLS PIN,72617271,N,Y,42.501192,-71.411372
MLS Listing,,Multi-Family (2-4 Unit),7-9 Falulah St,Fitchburg,MA,1420,149900,5,2,Fitchburg,2892,4490,1900,2,52,,Active,,,http://www.redfin.com/MA/Fitchburg/7-Falulah-St-01420/home/16498253,MLS PIN,72617270,N,Y,42.5642868,-71.7797093
MLS Listing,,Multi-Family (2-4 Unit),80 Dorchester Ave,Providence,RI,2909,339000,8,3,Providence,4611,5000,1930,2,74,,Active,,,http://www.redfin.com/RI/Providence/80-Dorchester-Ave-02909/home/51708824,RIS,1246841,N,Y,41.811512,-71.453475
MLS Listing,,Single Family Residential,199 Dutton Rd,Sudbury,MA,1776,1295000,4,3,Sudbury,4794,400677,1931,2,270,,Active,,,http://www.redfin.com/MA/Sudbury/199-Dutton-Rd-01776/home/11679303,MLS PIN,72617258,N,Y,42.3717404,-71.469568
MLS Listing,,Condo/Co-op,6 Wysocki Dr #27,Dudley,MA,1571,74900,1,1,Dudley,773,,1970,2,97,213,Active,,,http://www.redfin.com/MA/Dudley/6-Wysocki-Dr-01571/unit-27/home/16493533,MLS PIN,72617256,N,Y,42.0534368,-71.8870395
MLS Listing,,Single Family Residential,352 Washington St,Taunton,MA,2780,299900,3,2,Taunton,1771,5227,1900,3,169,,Active,,,http://www.redfin.com/MA/Taunton/352-Washington-St-02780/home/16105052,MLS PIN,72617254,N,Y,41.9228289,-71.0943125
MLS Listing,,Multi-Family (2-4 Unit),41 Clinton St,Clinton,MA,1510,329900,6,2,Clinton,2340,3660,1900,3,141,,Active,,,http://www.redfin.com/MA/Clinton/41-Clinton-St-01510/home/16486186,MLS PIN,72617250,N,Y,42.4126202,-71.689183
MLS Listing,,Single Family Residential,43 Cambridge St,Chelmsford,MA,1824,499900,4,1.5,South Chelmsford,1788,40600,1966,3,280,,Active,,,http://www.redfin.com/MA/Chelmsford/43-Cambridge-St-01824/home/11589563,MLS PIN,72617249,N,Y,42.5647619,-71.3307798
MLS Listing,,Single Family Residential,8 Birch Hill Rd,Somers,CT,6071,429900,3,3,Somers,2560,44431,2001,3,168,,Active,,,http://www.redfin.com/CT/Somers/8-Birch-Hill-Rd-06071/home/52271333,Smart MLS,170269184,N,Y,42.0318371,-72.4478606
MLS Listing,,Single Family Residential,1106 Massachusetts Ave,Lexington,MA,2420,1949000,4,5.5,Lexington,4213,18531,1760,3,463,,Active,,,http://www.redfin.com/MA/Lexington/1106-Massachusetts-Ave-02420/home/8553925,MLS PIN,72617247,N,Y,42.4350501,-71.2111538
MLS Listing,,Single Family Residential,19 Greenwood Pl,Gardner,MA,1440,183900,3,1,Gardner,1206,5000,1910,3,152,,Active,,,http://www.redfin.com/MA/Gardner/19-Greenwood-Pl-01440/home/16508647,MLS PIN,72617242,N,Y,42.566334,-71.997058
MLS Listing,,Multi-Family (2-4 Unit),80 Station St,Quincy,MA,2169,699900,6,2,Quincy,2776,5000,1880,3,252,,Active,,,http://www.redfin.com/MA/Quincy/80-Station-St-02169/home/8964750,MLS PIN,72617238,N,Y,42.2392716,-71.022824
MLS Listing,,Townhouse,45 Mt Pleasant St #45,Cambridge,MA,2140,1985000,3,3.5,Avon Hill,2179,,2019,3,911,275,Active,,,http://www.redfin.com/MA/Cambridge/45-Mount-Pleasant-St-02140/unit-45/home/170522730,MLS PIN,72617237,N,Y,42.3878693,-71.1253325
MLS Listing,,Townhouse,2 SUNSET Way #2,Medfield,MA,2052,839000,3,2.5,Harding,2338,,2019,3,359,400,Active,,,http://www.redfin.com/MA/Medfield/2-SUNSET-WAY-02052/unit-2/home/169629109,MLS PIN,72617234,N,Y,42.1871281,-71.3041699
MLS Listing,,Single Family Residential,29 Boynton Rd,Templeton,MA,1468,265000,3,3,Templeton,2662,32670,1763,3,100,,Active,,,http://www.redfin.com/MA/Templeton/29-Boynton-Rd-01468/home/16620405,MLS PIN,72617233,N,Y,42.5579119,-72.0681345
MLS Listing,,Single Family Residential,1 Old Barre Rd,Petersham,MA,1366,284900,3,2,Petersham,1850,69696,1890,3,154,,Active,,,http://www.redfin.com/MA/Petersham/1-Old-Barre-Rd-01366/home/16582462,MLS PIN,72617232,N,Y,42.4812658,-72.1277384
MLS Listing,,Single Family Residential,22 Highfield Cir,Milton,MA,2186,889000,4,3,Milton,2719,4905,1952,3,327,,Active,,,http://www.redfin.com/MA/Milton/22-Highfield-Cir-02186/home/8924996,MLS PIN,72617228,N,Y,42.2573803,-71.0486857
MLS Listing,,Single Family Residential,42 Halsey Rd,Boston,MA,2136,479900,3,2,Hyde Park,1008,5200,1950,3,476,,Active,,,http://www.redfin.com/MA/Hyde-Park/42-Halsey-Rd-02136/home/9136575,MLS PIN,72617227,N,Y,42.242295,-71.1247406
MLS Listing,,Single Family Residential,32 Woodsome Ave,Leominster,MA,1453,325000,3,1.5,Leominster,2046,21781,1941,3,159,,Active,,,http://www.redfin.com/MA/Leominster/32-Woodsome-Ave-01453/home/16542452,MLS PIN,72617225,N,Y,42.5668047,-71.7551352
MLS Listing,,Single Family Residential,26 Westchester Dr,Auburn,MA,1501,329900,4,2,Auburn,1500,11885,1971,3,220,,Active,,,http://www.redfin.com/MA/Auburn/26-Westchester-Dr-01501/home/16466255,MLS PIN,72617224,N,Y,42.1937203,-71.8282855
MLS Listing,,Townhouse,303 Winchester St Unit C,Newton,MA,2461,899000,3,2.5,Newton Highlands,1965,,1984,3,458,484,Active,,,http://www.redfin.com/MA/Newton-Highlands-Historic-District/303-Winchester-St-02461/unit-C/home/11489029,MLS PIN,72617220,N,Y,42.309984,-71.2080866
MLS Listing,,Single Family Residential,74 Pinedale Ave,Billerica,MA,1821,524900,3,1.5,Billerica,2058,21000,1968,3,255,,Active,,,http://www.redfin.com/MA/Billerica/74-Pinedale-Ave-01821/home/11420570,MLS PIN,72617218,N,Y,42.532416,-71.2170478
MLS Listing,,Condo/Co-op,65 Commercial Wharf Ph 4,Boston,MA,2110,3500000,3,3,Waterfront,2703,,1875,3,1295,1722,Active,,,http://www.redfin.com/MA/Boston/65-Commercial-Wharf-02110/unit-4/home/9259539,MLS PIN,72617215,N,Y,42.3619901,-71.0498938
MLS Listing,,Single Family Residential,344 Dedham St,Dover,MA,2030,1749000,4,2,Dover,2810,261360,1951,3,622,,Active,,,http://www.redfin.com/MA/Dover/344-Dedham-St-02030/home/11707078,MLS PIN,72617211,N,Y,42.2577179,-71.233516
MLS Listing,,Single Family Residential,55 Farm Rd,Sherborn,MA,1770,1199000,4,4,Sherborn,5029,358499,1980,3,238,,Active,,,http://www.redfin.com/MA/Sherborn/55-Farm-Rd-01770/home/8678882,MLS PIN,72617207,N,Y,42.24016,-71.359573
MLS Listing,,Single Family Residential,247 Mountain Spring Rd,Tolland,CT,6084,149900,3,2,Tolland,1416,32234,1961,3,106,,Active,,,http://www.redfin.com/CT/Tolland/247-Mountain-Spring-Rd-06084/home/54110150,Smart MLS,170268199,N,Y,41.8566034,-72.4037837
MLS Listing,,Single Family Residential,301 Summer St,Weymouth,MA,2188,459900,3,1,Weymouth,1322,7494,1928,3,348,,Active,,,http://www.redfin.com/MA/Weymouth/301-Summer-St-02188/home/11521802,MLS PIN,72617203,N,Y,42.2036442,-70.9679846
MLS Listing,,Single Family Residential,23 Heather Dr,Norwood,MA,2062,500000,3,2,Norwood,1500,21651,1967,3,333,,Active,,,http://www.redfin.com/MA/Norwood/23-Heather-Dr-02062/home/8929967,MLS PIN,72617201,N,Y,42.1791523,-71.1753237
MLS Listing,,Single Family Residential,27 Oldfield Dr,Sherborn,MA,1770,798000,4,2.5,Sherborn,3320,91476,1972,3,240,,Active,,,http://www.redfin.com/MA/Sherborn/27-Oldfield-Dr-01770/home/8673941,MLS PIN,72617198,N,Y,42.2474927,-71.3999951
MLS Listing,,Single Family Residential,20 Elliott Rd,Everett,MA,2149,539900,2,2,Everett,2100,4299,1955,3,257,,Active,,,http://www.redfin.com/MA/Everett/20-Elliott-Rd-02149/home/8494571,MLS PIN,72617191,N,Y,42.4181868,-71.0467357
MLS Listing,,Single Family Residential,34 Benham St,Brockton,MA,2302,375000,4,2,Brockton,2190,7593,1960,3,171,,Active,,,http://www.redfin.com/MA/Brockton/34-Benham-St-02302/home/16316184,MLS PIN,72617186,N,Y,42.086807,-71.0031365
MLS Listing,,Single Family Residential,53 Stimson Ave,East Side of Providence,RI,2906,1395000,4,3.5,Wayland Square / East Side,4186,7500,1949,3,333,,Active,,,http://www.redfin.com/RI/Providence/53-Stimson-Ave-02906/home/51714358,RIS,1246581,N,Y,41.8297669,-71.3953288
MLS Listing,,Single Family Residential,18 Metcalf Ave,North Providence,RI,2911,195000,2,1,North Providence,1500,4733,1900,3,130,,Active,,,http://www.redfin.com/RI/North-Providence/18-Metcalf-Ave-02911/home/52029508,RIS,1246639,N,Y,41.839811,-71.472206
MLS Listing,,Multi-Family (2-4 Unit),11 Avon Pl,Arlington,MA,2474,1100000,7,3,Arlington,4506,5210,1904,3,244,,Active,,,http://www.redfin.com/MA/Arlington/11-Avon-Pl-02474/home/8402884,MLS PIN,72617184,N,Y,42.4130196,-71.1503985
MLS Listing,,Single Family Residential,31 Hartford St,Dover,MA,2030,1849000,4,4.5,Dover,6813,40029,2007,3,271,,Active,,,http://www.redfin.com/MA/Dover/31-Hartford-St-02030/home/11709331,MLS PIN,72617180,N,Y,42.2118498,-71.258141
MLS Listing,,Single Family Residential,222 Warren St,Brookline,MA,2445,8475000,8,7.5,Chestnut Hill,7000,80028,1848,3,1211,,Active,,,http://www.redfin.com/MA/Brookline/222-Warren-St-02445/home/11493835,MLS PIN,72617176,N,Y,42.3209377,-71.1321506
MLS Listing,,Single Family Residential,16 Worster,Medford,MA,2155,699900,3,2.5,Medford,2307,5528,1987,3,303,,Active,,,http://www.redfin.com/MA/Medford/16-Worster-St-02155/home/11800078,MLS PIN,72617174,N,Y,42.4292986,-71.0981294
MLS Listing,,Single Family Residential,15 Winterbourne Vw,Tolland,CT,6084,429900,5,2.5,Tolland,4178,48787,2000,3,103,,Active,,,http://www.redfin.com/CT/Tolland/15-Winterbourne-Vw-06084/home/54110978,Smart MLS,170267658,N,Y,41.8764879,-72.3215534
MLS Listing,,Townhouse,25 Jefferson Dr #25,Lexington,MA,2420,1325000,4,4.5,Lexington,3290,,2020,3,403,452,Active,,,http://www.redfin.com/MA/Lexington/25-Jefferson-Dr-02420/unit-25/home/170520445,MLS PIN,72617157,N,Y,42.487208,-71.2404289
MLS Listing,,Single Family Residential,Lot 20 Autumn Dr,Westwood,MA,2090,1549000,4,3.5,Autumn Estates,4000,76230,2020,3,387,,Active,,,http://www.redfin.com/MA/Westwood/20-Autumn-Dr-02090/home/8984159,MLS PIN,72617158,N,Y,42.2024628,-71.2212246
MLS Listing,,Multi-Family (5+ Unit),1 Schrepel Pl,Boston,MA,2127,15000000,40,27,Boston,,,,3,,,Active,,,http://www.redfin.com/MA/Boston/1-Schrepel-Pl-02127/home/9227821,MLS PIN,72617154,N,Y,42.3367475,-71.0378212
MLS Listing,,Vacant Land,01 English Neighborhood Rd,Woodstock,CT,6281,63000,,,East Woodstock,,126324,,3,,,Active,,,http://www.redfin.com/CT/Woodstock/1-English-Neighborhood-Rd-06281/home/145627664,Smart MLS,170270412,N,Y,41.9934926,-71.9983948
MLS Listing,,Condo/Co-op,59 Addington Rd #1,Brookline,MA,2445,1300000,2,2.5,Brookline,1393,,1910,3,933,588,Active,,,http://www.redfin.com/MA/Brookline/59-Addington-Rd-02445/unit-1/home/170520353,MLS PIN,72617151,N,Y,42.3358551,-71.135127
MLS Listing,,Condo/Co-op,59 Addington Rd #2,Brookline,MA,2445,1350000,3,2.5,Brookline,1350,,1910,3,1000,570,Active,,,http://www.redfin.com/MA/Brookline/59-Addington-Rd-02445/unit-2/home/170520352,MLS PIN,72617150,N,Y,42.3358551,-71.135127
MLS Listing,,Condo/Co-op,59 Addington Rd #3,Brookline,MA,2445,1450000,3,2.5,Brookline,1467,,1910,3,988,620,Active,,,http://www.redfin.com/MA/Brookline/59-Addington-Rd-02445/unit-3/home/170520351,MLS PIN,72617149,N,Y,42.3358551,-71.135127
MLS Listing,,Condo/Co-op,59 Addington Rd #4,Brookline,MA,2445,1650000,3,2.5,Brookline,1716,,1910,3,962,723,Active,,,http://www.redfin.com/MA/Brookline/59-Addington-Rd-02445/unit-4/home/170520350,MLS PIN,72617148,N,Y,42.3358551,-71.135127
MLS Listing,,Single Family Residential,242 Mendon Rd,Woonsocket,RI,2895,154900,2,1.5,Diamond Hill,2048,12500,1950,3,76,,Active,,,http://www.redfin.com/RI/Woonsocket/242-Mendon-Rd-02895/unit-R/home/147441195,MLS PIN,72617152,N,Y,42.0153139,-71.480497
MLS Listing,,Single Family Residential,384 Dudley Rd,Newton,MA,2459,1987400,5,4.5,Newton,4711,15211,2004,3,422,,Active,February-15-2020 11:00 AM,February-15-2020 01:00 PM,http://www.redfin.com/MA/Newton/384-Dudley-Rd-02459/home/11482239,MLS PIN,72617146,N,Y,42.3086689,-71.1811254
MLS Listing,,Single Family Residential,5 Wells Rd,Ellington,CT,6029,344900,4,2.5,Mosleys plains,2528,41817,1988,3,136,,Active,,,http://www.redfin.com/CT/Ellington/5-Wells-Rd-06029/home/54252280,Smart MLS,170270195,N,Y,41.9188285,-72.489123
MLS Listing,,Single Family Residential,250 ANAWAN St,Rehoboth,MA,2769,295000,2,1,Rehoboth,1000,61307,1900,3,295,,Active,,,http://www.redfin.com/MA/Rehoboth/250-Anawan-St-02769/home/16072658,MLS PIN,72617142,N,Y,41.8728362,-71.2319449
MLS Listing,,Condo/Co-op,108 Spring Ln #108,Suffield,CT,6078,119000,2,2,Suffield,1574,,1977,3,76,252,Active,,,http://www.redfin.com/CT/Suffield/108-Spring-Ln-06078/unit-108/home/170520210,Smart MLS,170266395,N,Y,41.9915961,-72.6110653
MLS Listing,,Townhouse,288 Main St #1,Acton,MA,1720,689900,3,3.5,Acton,2905,30056,2009,3,237,275,Active,,,http://www.redfin.com/MA/Acton/288-Main-St-01720/unit-1/home/21960281,MLS PIN,72617134,N,Y,42.476144,-71.452832
MLS Listing,,Single Family Residential,Lot 10 Foxhollow Rd,Hopkinton,MA,1748,1499000,5,4.5,Hopkinton,4349,38332,2020,3,345,,Active,,,http://www.redfin.com/MA/Hopkinton/10-Fox-Hollow-Rd-01748/home/113391094,MLS PIN,72617133,N,Y,42.2137219,-71.5868105
MLS Listing,,Single Family Residential,33 Jerome St,Berkley,MA,2779,469900,4,2.5,Berkley,2776,43560,1988,3,169,,Active,February-15-2020 11:00 AM,February-15-2020 12:30 PM,http://www.redfin.com/MA/Berkley/33-Jerome-St-02779/home/14789724,MLS PIN,72617128,N,Y,41.8580289,-71.0698103
MLS Listing,,Condo/Co-op,278 Pepin Pl #83,South Windsor,CT,6074,306050,2,2.5,Wapping,1825,,2020,3,168,225,Active,,,http://www.redfin.com/CT/South-Windsor/278-Pepin-Pl-06074/unit-83/home/170519930,Smart MLS,170270462,N,Y,41.8197586,-72.6009289
MLS Listing,,Townhouse,93 Concord St Unit 93,Ashland,MA,1721,349900,3,1.5,Ashland,1875,18282,1970,3,187,,Active,,,http://www.redfin.com/MA/Ashland/91-93-Concord-St-01721/unit-93/home/170519928,MLS PIN,72617124,N,Y,42.261771,-71.461479
MLS Listing,,Condo/Co-op,385 Main St #4,Woburn,MA,1801,299900,1,1,Woburn,750,,1899,3,400,125,Active,,,http://www.redfin.com/MA/Woburn/385-Main-St-01801/unit-4/home/169886322,MLS PIN,72617116,N,Y,42.4799304,-71.1515125
MLS Listing,,Condo/Co-op,385 Main St #2,Woburn,MA,1801,299900,1,1,Woburn,725,,1899,3,414,125,Active,,,http://www.redfin.com/MA/Woburn/385-Main-St-01801/unit-2/home/169886318,MLS PIN,72617114,N,Y,42.4799304,-71.1515125
MLS Listing,,Single Family Residential,115 Bogle St,Weston,MA,2493,1550000,4,3.5,Weston,3911,47264,1968,3,396,,Active,,,http://www.redfin.com/MA/Weston/115-Bogle-St-02493/home/8791963,MLS PIN,72617120,N,Y,42.3222607,-71.3231709
MLS Listing,,Single Family Residential,138 Waverly Ave,Melrose,MA,2176,699000,4,2.5,Mount Hood,3173,7812,1949,3,220,,Active,,,http://www.redfin.com/MA/Melrose/138-Waverly-Ave-02176/home/11647182,MLS PIN,72617117,N,Y,42.4574932,-71.046875
MLS Listing,,Single Family Residential,16 Highland St,Spencer,MA,1562,85900,3,1,Spencer,1004,13931,1880,3,86,,Active,,,http://www.redfin.com/MA/Spencer/16-Highland-St-01562/home/16605956,MLS PIN,72617108,N,Y,42.2491128,-71.9892432
MLS Listing,,Single Family Residential,23 Peterson,Natick,MA,1760,599900,4,2.5,Peterson/Ingleside/Oak,1980,15072,1958,3,303,,Active,,,http://www.redfin.com/MA/Natick/23-Peterson-Rd-01760/home/11651086,MLS PIN,72617107,N,Y,42.3113899,-71.3308262
MLS Listing,,Single Family Residential,92 Lowther,Framingham,MA,1701,314900,3,1,Framingham,1360,9967,1956,3,232,,Active,,,http://www.redfin.com/MA/Framingham/92-Lowther-Rd-01701/home/11620756,MLS PIN,72617105,N,Y,42.3181334,-71.4057934
MLS Listing,,Townhouse,14 Gates Rd Unit A,Worcester,MA,1603,250000,2,1.5,Worcester,2068,,1987,3,121,,Active,,,http://www.redfin.com/MA/Worcester/14-Gates-Rd-01603/unit-A/home/170519564,MLS PIN,72617101,N,Y,42.2474352,-71.8450677
MLS Listing,,Single Family Residential,796 Waverley St,Framingham,MA,1702,379900,4,2,Framingham,1258,9583,1864,3,302,,Active,,,http://www.redfin.com/MA/Framingham/796-Waverly-St-01702/home/11600652,MLS PIN,72617100,N,Y,42.2727913,-71.4312596
MLS Listing,,Single Family Residential,102 Sears Rd,Wayland,MA,1778,1250000,5,3.5,Wayland,4068,89621,1960,3,307,,Active,,,http://www.redfin.com/MA/Wayland/102-Sears-Rd-01778/home/11683815,MLS PIN,72617096,N,Y,42.3839433,-71.3436079
MLS Listing,,Single Family Residential,51 Hillside Rd,Cumberland,RI,2864,389000,3,2,Arnold Mills,2385,39508,1972,3,163,,Active,,,http://www.redfin.com/RI/Cumberland/51-Hillside-Rd-02864/home/51913727,RIS,1246808,N,Y,41.972237,-71.3995489
MLS Listing,,Single Family Residential,46 Rutherford Ave,Boston,MA,2129,1459000,3,3.5,Charlestown,1656,1168,2012,3,881,,Active,February-15-2020 11:00 AM,February-15-2020 01:00 PM,http://www.redfin.com/MA/Boston/46-Rutherford-Ave-02129/home/85680234,MLS PIN,72617090,N,Y,42.3725011,-71.0642878
MLS Listing,,Single Family Residential,54 Dean Ave,Johnston,RI,2919,214900,3,1,Smithfield Line,1036,4791,1938,3,207,,Active,,,http://www.redfin.com/RI/Johnston/54-Dean-Ave-02919/home/51890166,RIS,1246759,N,Y,41.8678096,-71.4992391
MLS Listing,,Condo/Co-op,33 Pond Ave #305,Brookline,MA,2445,789000,2,2,Brookline Village,1260,,1970,3,626,1065,Active,,,http://www.redfin.com/MA/Brookline/33-Pond-Ave-02445/unit-305/home/11486330,MLS PIN,72617088,N,Y,42.3313518,-71.1140979
MLS Listing,,Multi-Family (2-4 Unit),28 Summer St,Pawtucket,RI,2860,539900,4,4,Historic Downtown,2555,3960,1890,3,211,,Active,,,http://www.redfin.com/RI/Pawtucket/28-Summer-St-02860/home/52021139,RIS,1246775,N,Y,41.8788373,-71.3855523
MLS Listing,,Single Family Residential,43 Creeper Hill Rd,Grafton,MA,1536,255000,3,2,Grafton,1338,38663,1987,3,191,,Active,,,http://www.redfin.com/MA/North-Grafton/43-Creeper-Hill-Rd-01536/home/16515927,MLS PIN,72617087,N,Y,42.2408629,-71.7182014
MLS Listing,,Single Family Residential,225 Country Hill Dr,Dighton,MA,2764,629900,4,3,Dighton,3629,46609,1990,3,174,,Active,February-15-2020 01:00 PM,February-15-2020 03:00 PM,http://www.redfin.com/MA/North-Dighton/225-Country-Hill-Dr-02764/home/15989874,MLS PIN,72617084,N,Y,41.8470322,-71.1181373
MLS Listing,,Condo/Co-op,16 Baldwin Dr #16,Sharon,MA,2067,645000,2,2.5,Sharon,2893,,1997,3,223,871,Active,,,http://www.redfin.com/MA/Sharon/16-Baldwin-Dr-02067/unit-16/home/170519158,MLS PIN,72617069,N,Y,42.140203,-71.178021
MLS Listing,,Single Family Residential,680 N Main St,Mansfield,MA,2048,594000,4,2.5,Mansfield,2241,10045,2020,3,265,,Active,,,http://www.redfin.com/MA/Mansfield/680-N-Main-St-02048/home/170519155,MLS PIN,72617071,N,Y,42.0412984,-71.2163947
MLS Listing,,Single Family Residential,342 Fort St,East Providence,RI,2914,274900,3,1,East Providence,1505,5227,1940,3,183,,Active,,,http://www.redfin.com/RI/East-Providence/342-Fort-St-02914/home/51957372,RIS,1246793,N,Y,41.8092667,-71.3736002
MLS Listing,,Condo/Co-op,102 Williams St #2,Boston,MA,2130,519000,2,1,Jamaica Plain,838,,1905,3,619,121,Active,,,http://www.redfin.com/MA/Boston/102-Williams-St-02130/unit-2/home/77145875,MLS PIN,72617065,N,Y,42.305128,-71.1058231
MLS Listing,,Single Family Residential,91 Dexter Rd,Melrose,MA,2176,525000,3,2,Melrose,1658,7060,1956,3,317,,Active,,,http://www.redfin.com/MA/Melrose/91-Dexter-Rd-02176/home/11785670,MLS PIN,72617066,N,Y,42.4447212,-71.0387034
MLS Listing,,Townhouse,23 Cleary Cir #13,Norfolk,MA,2056,519900,2,2.5,Norfolk,1872,,2020,3,278,200,Active,,,http://www.redfin.com/MA/Norfolk/23-Cleary-CIR-02056/unit-13/home/170519026,MLS PIN,72617062,N,Y,42.1208961,-71.3230549
MLS Listing,,Single Family Residential,1730 Diamond Hill Rd,Cumberland,RI,2864,325000,3,1.5,Cumberland,3268,9583,1960,3,99,,Active,,,http://www.redfin.com/RI/Cumberland/1730-Diamond-Hill-Rd-02864/home/51916105,RIS,1246691,N,Y,41.936939,-71.399723
MLS Listing,,Vacant Land,Lot 1 RAMSHORN Rd,Charlton,MA,1507,69000,,,Charlton,,88249,,3,,,Active,,,http://www.redfin.com/MA/Charlton/Lot-1-RAMSHORN-Rd-01507/home/146410903,MLS PIN,72617054,N,Y,42.13565,-71.970074
MLS Listing,,Condo/Co-op,9 Independence Ave #302,Braintree,MA,2184,589000,2,2,Braintree,1352,,2018,3,436,200,Active,,,http://www.redfin.com/MA/BRAINTREE/9-INDEPENDENCE-AVE-02184/unit-302/home/170444381,MLS PIN,72617053,N,Y,42.230569,-71.005622
MLS Listing,,Single Family Residential,316 Waterman Ave,Smithfield,RI,2917,339000,4,3,Esmond,2162,10019,1952,3,157,,Active,,,http://www.redfin.com/RI/Smithfield/316-Waterman-Ave-02917/home/51813219,RIS,1246797,N,Y,41.8745185,-71.4970062
MLS Listing,,Townhouse,173 Main St #1,Maynard,MA,1754,439000,3,2.5,Maynard,2100,13000,2020,3,209,230,Active,,,http://www.redfin.com/MA/Maynard/173-Main-St-01754/unit-1/home/170518782,MLS PIN,72617047,N,Y,42.43091,-71.459706
MLS Listing,,Single Family Residential,281 Taylor Rd,Stow,MA,1775,849900,3,2.5,Stow,2875,277913,2004,3,296,,Active,,,http://www.redfin.com/MA/Stow/281-Taylor-Rd-01775/home/8698985,MLS PIN,72617045,N,Y,42.4597978,-71.5227996
MLS Listing,,Single Family Residential,59 LIncoln St,Waltham,MA,2451,1590000,5,5.5,Piety Corner,7252,35676,1925,3,219,,Active,,,http://www.redfin.com/MA/Waltham/59-Lincoln-St-02451/home/11804607,MLS PIN,72617040,N,Y,42.3931223,-71.2399501
MLS Listing,,Single Family Residential,50 Garden Pkwy,Norwood,MA,2062,549900,3,2,Norwood,1738,12500,1960,3,316,,Active,,,http://www.redfin.com/MA/Norwood/50-Garden-Pkwy-02062/home/8913266,MLS PIN,72617018,N,Y,42.1756876,-71.2287892
MLS Listing,,Single Family Residential,50 Collins St,Attleboro,MA,2703,292500,2,1.5,Attleboro,1238,10000,1900,3,236,,Active,,,http://www.redfin.com/MA/Attleboro/50-Collins-St-02703/home/15975627,MLS PIN,72617014,N,Y,41.8982451,-71.3671519
MLS Listing,,Condo/Co-op,9 Woodward Park St #1,Boston,MA,2125,565000,3,2,Boston,1732,4669,1905,3,326,,Active,February-12-2020 06:00 PM,February-12-2020 08:00 PM,http://www.redfin.com/MA/Boston/9-Woodward-Park-St-02125/unit-1/home/170518007,MLS PIN,72617008,N,Y,42.3187125,-71.0724566
MLS Listing,,Single Family Residential,25 McGregory Rd,Sturbridge,MA,1566,379900,4,2,Sturbridge,2770,31798,1956,3,137,,Active,,,http://www.redfin.com/MA/Sturbridge/25-McGregory-Rd-01566/home/16613805,MLS PIN,72617009,N,Y,42.0938984,-72.0632275
MLS Listing,,Single Family Residential,11 Burditt Rd,North Reading,MA,1864,329900,2,1,North Reading,1072,12197,1951,3,308,,Active,,,http://www.redfin.com/MA/North-Reading/11-Burditt-Rd-01864/home/11422252,MLS PIN,72617003,N,Y,42.5662252,-71.1103385
MLS Listing,,Single Family Residential,44 Nevada Rd,Needham,MA,2494,2295000,6,6,Needham,5200,10019,2019,3,441,,Active,,,http://www.redfin.com/MA/Needham-Heights/44-Nevada-Rd-02494/home/8915880,MLS PIN,72617002,N,Y,42.2937439,-71.2227097
MLS Listing,,Multi-Family (2-4 Unit),243 Washington St,Reading,MA,1867,639900,4,3,Reading,2400,6820,1940,3,267,,Active,,,http://www.redfin.com/MA/Reading/243-Washington-St-01867/home/8705289,MLS PIN,72616997,N,Y,42.5211738,-71.0975723
MLS Listing,,Single Family Residential,1114 West St,Wrentham,MA,2093,489000,3,2.5,Wrentham,1956,29185,1845,3,250,,Active,,,http://www.redfin.com/MA/Wrentham/1114-West-St-02093/home/11500603,MLS PIN,72616998,N,Y,42.0337392,-71.3906481
MLS Listing,,Single Family Residential,21 Wyoming Dr,Cumberland,RI,2864,439000,4,2.5,Bear Hill,2120,26136,1990,3,207,,Active,,,http://www.redfin.com/RI/Cumberland/21-Wyoming-Dr-02864/home/51918716,RIS,1246675,N,Y,41.9436899,-71.395579
MLS Listing,,Condo/Co-op,27-1 Arlington Rd #3,Woburn,MA,1801,319900,2,1,Woburn,864,,1965,3,370,397,Active,,,http://www.redfin.com/MA/Woburn/27-Arlington-Rd-01801/unit-03/home/11816147,MLS PIN,72616993,N,Y,42.4754916,-71.1562184
MLS Listing,,Single Family Residential,516 Pawtucket Avenue Ave,Pawtucket,RI,2860,199000,4,1.5,Oak Hill/East Side,2084,4050,1920,3,95,,Active,,,http://www.redfin.com/RI/Pawtucket/516-Pawtucket-Ave-02860/home/52016083,RIS,1246092,N,Y,41.8603486,-71.39647
MLS Listing,,Single Family Residential,7 CAPE CLUB Dr,Sharon,MA,2067,849000,2,2.5,The Cape Club of Sharon Golf Course,2800,,2019,3,303,468,Active,,,http://www.redfin.com/MA/Sharon/25-Tiot-St-02067/unit-9/home/146437494,MLS PIN,72616986,N,Y,42.152608,-71.183219
MLS Listing,,Vacant Land,0 Little Turnpike Rd,Shirley,MA,1464,174900,,,Shirley,,67961,,3,,,Active,,,http://www.redfin.com/MA/Shirley/Little-Turnpike-Rd-01464/home/76489604,MLS PIN,72616978,N,Y,42.578219,-71.646763
MLS Listing,,Single Family Residential,33 Bailey Ln,Somers,CT,6071,429900,4,2.5,Gillettes Crossing,2597,40075,2011,3,166,,Active,,,http://www.redfin.com/CT/Somers/33-Bailey-Ln-06071/home/53775947,Smart MLS,170269968,N,Y,41.9870389,-72.4352228
MLS Listing,,Condo/Co-op,280 Boylston St #312,Newton,MA,2467,499000,1,1.5,Chestnut Hill,1060,,1970,3,471,727,Active,,,http://www.redfin.com/MA/Chestnut-Hill/280-Boylston-St-02467/unit-312/home/11481231,MLS PIN,72616971,N,Y,42.3187,-71.1786406
MLS Listing,,Condo/Co-op,144 Hart St #36,Taunton,MA,2780,162900,2,1,Taunton,920,,1987,3,177,425,Active,,,http://www.redfin.com/MA/Taunton/144-Hart-St-02780/unit-36/home/16098364,MLS PIN,72616969,N,Y,41.8862549,-71.0653081
MLS Listing,,Single Family Residential,23 Harrison Ave,Auburn,MA,1501,250000,3,2,Auburn,1350,13299,1986,3,185,,Active,,,http://www.redfin.com/MA/Auburn/23-Harrison-Ave-01501/home/16466945,MLS PIN,72616967,N,Y,42.2043358,-71.8313529
MLS Listing,,Single Family Residential,373 Hartford Ave,Bellingham,MA,2019,400000,3,2,Plymouth Village,2041,12225,1964,3,196,,Active,,,http://www.redfin.com/MA/Bellingham/373-Hartford-Ave-02019/home/8806416,MLS PIN,72616963,N,Y,42.124519,-71.4546343
MLS Listing,,Single Family Residential,187 Washington St,Canton,MA,2021,459000,3,1,Canton,1224,9069,1952,3,375,,Active,,,http://www.redfin.com/MA/Canton/187-Washington-St-02021/home/11826484,MLS PIN,72616961,N,Y,42.1435801,-71.1488667
MLS Listing,,Single Family Residential,28 MC KINLEY,Worcester,MA,1605,309900,3,2,Worcester,1600,3437,2020,3,194,,Active,,,http://www.redfin.com/MA/Worcester/28-Mckinley-Rd-01605/home/69070955,MLS PIN,72616952,N,Y,42.2827399,-71.789211
MLS Listing,,Single Family Residential,123 David Cir,Putnam,CT,6260,159900,3,1,Putnam,1487,11325,1974,3,108,,Active,,,http://www.redfin.com/CT/Putnam/123-David-Cir-06260/home/54414600,Smart MLS,170266172,N,Y,41.9307817,-71.9096494
MLS Listing,,Multi-Family (2-4 Unit),43 - 45 Lincoln St,Watertown,MA,2472,1090000,7,3,Watertown,3014,9857,1910,3,362,,Active,,,http://www.redfin.com/MA/Watertown/43-Lincoln-St-02472/home/11697190,MLS PIN,72616948,N,Y,42.367843,-71.1725852
MLS Listing,,Single Family Residential,25 Rocky Brook Rd,Dover,MA,2030,922500,4,3,Dover,3530,49136,1969,3,261,,Active,,,http://www.redfin.com/MA/Dover/25-Rocky-Brook-Rd-02030/home/11708672,MLS PIN,72616946,N,Y,42.2235239,-71.2755654
